[1779986070] [MIG-061 §J.3] FRONTEND: registering federation:ready listener
[1779986070] [MIG-061 §J.3] FRONTEND: federation:ready listener REGISTERED
[1779986071] [search] init_db: PRAGMA user_version=1 (target 1) — rebuild skipped (already current)
[1779986071] [search] init_db: schema_versions.sky=10 (target 10) — sky current
[1779986071] [search] init_db: schema_versions.note_meta=1 (target 1) — MIG-003 backfill skipped (already done)
[1779986071] [search] init_db: schema_versions.dependent_tables_mig003=1 (target 1) — Step 2 backfill skipped (already done)
[1779986071] [search] mig003_step3_soft_rebackfill: repaired note_meta=1 note_links src=1 tgt=0 sky_nodes=1 note_aliases=0 note_embeddings=0 — elapsed=411.4474ms
[1779986071] [search] init_db: schema_versions.mig003_step4=1 (target 1) — Step 4 already done
[1779986071] [search] init_db: PRAGMA optimize completed (sqlite_stat1 refreshed)
[1779986071] [MIG-061 §J.3] FRONTEND: defensive re-invoke STARTING after initializeApp
[1779986071] [MIG-061 §J.3] get_federated_schemas: is_ready=false, attached=0, schemas=["main"]
[1779986071] [MIG-061 §J.3] get_federated_schemas: is_ready=false, attached=0, schemas=["main"]
[1779986071] [MIG-061 §J.3] FRONTEND: defensive re-invoke result: isReady=true, nodes.length=1101, skyNodes.length=0
[1779986071] [MIG-061 §J.3] FRONTEND: defensive re-invoke UPDATING skyNodes (0 → 1101)
[1779986071] [MIG-061 §J.3] About to emit federation:ready: generation=1, attached_count=1, is_ready=true
[1779986071] [MIG-061 §J.3] Emit result: Ok(())
[1779986071] [MIG-061 §J.3] FRONTEND: federation:ready RECEIVED, payload={"generation":1}
[1779986071] [MIG-061 §J.3] get_federated_schemas: is_ready=true, attached=1, schemas=["main", "cu1"]
[1779986071] [federation-prewarm] E:\Constellation Universes\Eisa Cognitive Knowledge\.constellation\search.db FTS5 optimize OK in 2ms (segid -1 → -1)
[1779986074] [MIG-061 §J.3] FRONTEND: re-invoke result: isReady=true, nodes.length=8751
[1779986407] [MIG-061 §J.3] FRONTEND: registering federation:ready listener
[1779986407] [MIG-061 §J.3] FRONTEND: federation:ready listener REGISTERED
[1779986407] [search] init_db: PRAGMA user_version=1 (target 1) — rebuild skipped (already current)
[1779986407] [search] init_db: schema_versions.sky=10 (target 10) — sky current
[1779986407] [search] init_db: schema_versions.note_meta=1 (target 1) — MIG-003 backfill skipped (already done)
[1779986407] [search] init_db: schema_versions.dependent_tables_mig003=1 (target 1) — Step 2 backfill skipped (already done)
[1779986407] [search] mig003_step3_soft_rebackfill: repaired note_meta=1 note_links src=1 tgt=0 sky_nodes=1 note_aliases=0 note_embeddings=0 — elapsed=8.8078ms
[1779986407] [search] init_db: schema_versions.mig003_step4=1 (target 1) — Step 4 already done
[1779986407] [search] init_db: PRAGMA optimize completed (sqlite_stat1 refreshed)
[1779986407] [MIG-061 §J.3] About to emit federation:ready: generation=1, attached_count=1, is_ready=true
[1779986407] [MIG-061 §J.3] Emit result: Ok(())
[1779986407] [federation-prewarm] E:\Constellation Universes\Eisa Cognitive Knowledge\.constellation\search.db FTS5 optimize OK in 0ms (segid -1 → -1)
[1779986407] [MIG-061 §J.3] FRONTEND: federation:ready RECEIVED, payload={"generation":1}
[1779986407] [MIG-061 §J.3] get_federated_schemas: is_ready=true, attached=1, schemas=["main", "cu1"]
[1779986407] [MIG-061 §J.3] FRONTEND: defensive re-invoke STARTING after initializeApp
[1779986407] [MIG-061 §J.3] get_federated_schemas: is_ready=true, attached=1, schemas=["main", "cu1"]
[1779986407] [MIG-061 §J.3] get_federated_schemas: is_ready=true, attached=1, schemas=["main", "cu1"]
[1779986408] [MIG-061 §J.3] FRONTEND: re-invoke result: isReady=true, nodes.length=8751
[1779986408] [MIG-061 §J.3] FRONTEND: defensive re-invoke result: isReady=true, nodes.length=8751, skyNodes.length=8751
[1779986703] [MIG-061 §J.3] FRONTEND: registering federation:ready listener
[1779986703] [MIG-061 §J.3] FRONTEND: federation:ready listener REGISTERED
[1779986703] [search] init_db: PRAGMA user_version=1 (target 1) — rebuild skipped (already current)
[1779986703] [search] init_db: schema_versions.sky=10 (target 10) — sky current
[1779986703] [search] init_db: schema_versions.note_meta=1 (target 1) — MIG-003 backfill skipped (already done)
[1779986703] [search] init_db: schema_versions.dependent_tables_mig003=1 (target 1) — Step 2 backfill skipped (already done)
[1779986703] [search] mig003_step3_soft_rebackfill: repaired note_meta=1 note_links src=1 tgt=0 sky_nodes=1 note_aliases=0 note_embeddings=0 — elapsed=462.6786ms
[1779986703] [search] init_db: schema_versions.mig003_step4=1 (target 1) — Step 4 already done
[1779986703] [search] init_db: PRAGMA optimize completed (sqlite_stat1 refreshed)
[1779986703] [MIG-061 §J.3] FRONTEND: defensive re-invoke STARTING after initializeApp
[1779986703] [MIG-061 §J.3] get_federated_schemas: is_ready=false, attached=0, schemas=["main"]
[1779986703] [MIG-061 §J.3] get_federated_schemas: is_ready=false, attached=0, schemas=["main"]
[1779986703] [MIG-061 §J.3] About to emit federation:ready: generation=1, attached_count=1, is_ready=true
[1779986703] [MIG-061 §J.3] Emit result: Ok(())
[1779986703] [federation-prewarm] E:\Constellation Universes\Eisa Cognitive Knowledge\.constellation\search.db FTS5 optimize OK in 0ms (segid -1 → -1)
[1779986703] [MIG-061 §J.3] FRONTEND: federation:ready RECEIVED, payload={"generation":1}
[1779986703] [MIG-061 §J.3] get_federated_schemas: is_ready=true, attached=1, schemas=["main", "cu1"]
[1779986705] [MIG-061 §J.3] FRONTEND: defensive re-invoke result: isReady=true, nodes.length=1101, skyNodes.length=0
[1779986705] [MIG-061 §J.3] FRONTEND: defensive re-invoke UPDATING skyNodes (0 → 1101)
[1779986705] [MIG-061 §J.3] FRONTEND: re-invoke result: isReady=true, nodes.length=8751
[1779988332] [MIG-061 §J.3] FRONTEND: registering federation:ready listener
[1779988332] [MIG-061 §J.3] FRONTEND: federation:ready listener REGISTERED
[1779988332] [search] init_db: PRAGMA user_version=1 (target 1) — rebuild skipped (already current)
[1779988332] [search] init_db: schema_versions.sky=10 (target 10) — sky current
[1779988332] [search] init_db: schema_versions.note_meta=1 (target 1) — MIG-003 backfill skipped (already done)
[1779988332] [search] init_db: schema_versions.dependent_tables_mig003=1 (target 1) — Step 2 backfill skipped (already done)
[1779988332] [search] mig003_step3_soft_rebackfill: repaired note_meta=1 note_links src=1 tgt=0 sky_nodes=1 note_aliases=0 note_embeddings=0 — elapsed=421.0963ms
[1779988332] [search] init_db: schema_versions.mig003_step4=1 (target 1) — Step 4 already done
[1779988332] [search] init_db: PRAGMA optimize completed (sqlite_stat1 refreshed)
[1779988333] [MIG-061 §J.3] FRONTEND: defensive re-invoke STARTING after initializeApp
[1779988333] [MIG-061 §J.3] get_federated_schemas: is_ready=false, attached=0, schemas=["main"]
[1779988333] [MIG-061 §J.3] get_federated_schemas: is_ready=false, attached=0, schemas=["main"]
[1779988333] [MIG-061 §J.3] get_federated_schemas: is_ready=false, attached=0, schemas=["main"]
[1779988333] [MIG-061 §J.3] FRONTEND: defensive re-invoke result: isReady=true, nodes.length=1101, skyNodes.length=0
[1779988333] [MIG-061 §J.3] FRONTEND: defensive re-invoke UPDATING skyNodes (0 → 1101)
[1779988333] [MIG-061 §J.3] About to emit federation:ready: generation=1, attached_count=1, is_ready=true
[1779988333] [MIG-061 §J.3] Emit result: Ok(())
[1779988333] [MIG-061 §J.3] FRONTEND: federation:ready RECEIVED, payload={"generation":1}
[1779988333] [MIG-061 §J.3] get_federated_schemas: is_ready=true, attached=1, schemas=["main", "cu1"]
[1779988333] [federation-prewarm] E:\Constellation Universes\Eisa Cognitive Knowledge\.constellation\search.db FTS5 optimize OK in 2ms (segid -1 → -1)
[1779988335] [MIG-061 §J.3] FRONTEND: re-invoke result: isReady=true, nodes.length=8751
[1779989223] [search] init_db: PRAGMA user_version=1 (target 1) — rebuild skipped (already current)
[1779989223] [search] init_db: schema_versions.sky=10 (target 10) — sky current
[1779989223] [search] init_db: schema_versions.note_meta=1 (target 1) — MIG-003 backfill skipped (already done)
[1779989223] [search] init_db: schema_versions.dependent_tables_mig003=1 (target 1) — Step 2 backfill skipped (already done)
[1779989223] [search] mig003_step3_soft_rebackfill: repaired note_meta=1 note_links src=1 tgt=0 sky_nodes=1 note_aliases=0 note_embeddings=0 — elapsed=446.5148ms
[1779989223] [search] init_db: schema_versions.mig003_step4=1 (target 1) — Step 4 already done
[1779989223] [search] init_db: PRAGMA optimize completed (sqlite_stat1 refreshed)
[1779989223] [MIG-061 §J.3] get_federated_schemas: is_ready=false, attached=0, schemas=["main"]
[1779989223] [MIG-061 §J.3] get_federated_schemas: is_ready=false, attached=0, schemas=["main"]
[1779989223] [MIG-061 §J.3] get_federated_schemas: is_ready=false, attached=0, schemas=["main"]
[1779989223] [MIG-061 §J.3] get_federated_schemas: is_ready=false, attached=0, schemas=["main"]
[1779989223] [MIG-061 §J.3] About to emit federation:ready: generation=1, attached_count=1, is_ready=true
[1779989223] [MIG-061 §J.3] Emit result: Ok(())
[1779989223] [federation-prewarm] E:\Constellation Universes\Eisa Cognitive Knowledge\.constellation\search.db FTS5 optimize OK in 2ms (segid -1 → -1)
[1779989223] [MIG-061 §J.3] get_federated_schemas: is_ready=true, attached=1, schemas=["main", "cu1"]
[1779989225] [MIG-061 §J.3] get_federated_schemas: is_ready=true, attached=1, schemas=["main", "cu1"]
[1780030896] [search] init_db: PRAGMA user_version=1 (target 1) — rebuild skipped (already current)
[1780030896] [search] init_db: schema_versions.sky=10 (target 10) — sky current
[1780030896] [search] init_db: schema_versions.note_meta=1 (target 1) — MIG-003 backfill skipped (already done)
[1780030896] [search] init_db: schema_versions.dependent_tables_mig003=1 (target 1) — Step 2 backfill skipped (already done)
[1780030897] [search] mig003_step3_soft_rebackfill: repaired note_meta=1 note_links src=1 tgt=0 sky_nodes=1 note_aliases=0 note_embeddings=0 — elapsed=461.4718ms
[1780030897] [search] init_db: schema_versions.mig003_step4=1 (target 1) — Step 4 already done
[1780030897] [search] init_db: PRAGMA optimize completed (sqlite_stat1 refreshed)
[1780030897] [MIG-061 §J.3] get_federated_schemas: is_ready=false, attached=0, schemas=["main"]
[1780030897] [MIG-061 §J.3] get_federated_schemas: is_ready=false, attached=0, schemas=["main"]
[1780030897] [MIG-061 §J.3] get_federated_schemas: is_ready=false, attached=0, schemas=["main"]
[1780030897] [MIG-061 §J.3] About to emit federation:ready: generation=1, attached_count=1, is_ready=true
[1780030897] [MIG-061 §J.3] Emit result: Ok(())
[1780030897] [federation-prewarm] E:\Constellation Universes\Eisa Cognitive Knowledge\.constellation\search.db FTS5 optimize OK in 2ms (segid -1 → -1)
[1780030897] [MIG-061 §J.3] get_federated_schemas: is_ready=true, attached=1, schemas=["main", "cu1"]
[1780030901] [MIG-061 §J.3] get_federated_schemas: is_ready=true, attached=1, schemas=["main", "cu1"]
[1780030904] [MIG-061 §J.3] get_federated_schemas: is_ready=true, attached=1, schemas=["main", "cu1"]
[1780031096] [MIG-061 §J.3] get_federated_schemas: is_ready=true, attached=1, schemas=["main", "cu1"]
[1780031098] [MIG-061 §J.3] get_federated_schemas: is_ready=true, attached=1, schemas=["main", "cu1"]
[1780033171] [search] init_db: PRAGMA user_version=1 (target 1) — rebuild skipped (already current)
[1780033171] [search] init_db: schema_versions.sky=10 (target 10) — sky current
[1780033171] [search] init_db: schema_versions.note_meta=1 (target 1) — MIG-003 backfill skipped (already done)
[1780033171] [search] init_db: schema_versions.dependent_tables_mig003=1 (target 1) — Step 2 backfill skipped (already done)
[1780033172] [search] mig003_step3_soft_rebackfill: repaired note_meta=1 note_links src=1 tgt=0 sky_nodes=1 note_aliases=0 note_embeddings=0 — elapsed=438.9951ms
[1780033172] [search] init_db: schema_versions.mig003_step4=1 (target 1) — Step 4 already done
[1780033172] [search] init_db: PRAGMA optimize completed (sqlite_stat1 refreshed)
[1780033172] [federation-prewarm] E:\Constellation Universes\Eisa Cognitive Knowledge\.constellation\search.db FTS5 optimize OK in 4ms (segid -1 → -1)
[1780034580] [search] init_db: PRAGMA user_version=1 (target 1) — rebuild skipped (already current)
[1780034580] [search] init_db: schema_versions.sky=10 (target 10) — sky current
[1780034580] [search] init_db: schema_versions.note_meta=1 (target 1) — MIG-003 backfill skipped (already done)
[1780034580] [search] init_db: schema_versions.dependent_tables_mig003=1 (target 1) — Step 2 backfill skipped (already done)
[1780034581] [search] mig003_step3_soft_rebackfill: repaired note_meta=1 note_links src=1 tgt=0 sky_nodes=1 note_aliases=0 note_embeddings=0 — elapsed=427.967ms
[1780034581] [search] init_db: schema_versions.mig003_step4=1 (target 1) — Step 4 already done
[1780034581] [search] init_db: PRAGMA optimize completed (sqlite_stat1 refreshed)
[1780034581] [federation-prewarm] E:\Constellation Universes\Eisa Cognitive Knowledge\.constellation\search.db FTS5 optimize OK in 4ms (segid -1 → -1)
[1780034776] [search] init_db: PRAGMA user_version=1 (target 1) — rebuild skipped (already current)
[1780034776] [search] init_db: schema_versions.sky=10 (target 10) — sky current
[1780034776] [search] init_db: schema_versions.note_meta=1 (target 1) — MIG-003 backfill skipped (already done)
[1780034776] [search] init_db: schema_versions.dependent_tables_mig003=1 (target 1) — Step 2 backfill skipped (already done)
[1780034777] [search] mig003_step3_soft_rebackfill: repaired note_meta=1 note_links src=1 tgt=0 sky_nodes=1 note_aliases=0 note_embeddings=0 — elapsed=456.5352ms
[1780034777] [search] init_db: schema_versions.mig003_step4=1 (target 1) — Step 4 already done
[1780034777] [search] init_db: PRAGMA optimize completed (sqlite_stat1 refreshed)
[1780034777] [federation-prewarm] E:\Constellation Universes\Eisa Cognitive Knowledge\.constellation\search.db FTS5 optimize OK in 12ms (segid -1 → -1)
[1780035924] [search] init_db: PRAGMA user_version=1 (target 1) — rebuild skipped (already current)
[1780035924] [search] init_db: schema_versions.sky=10 (target 10) — sky current
[1780035924] [search] init_db: schema_versions.note_meta=1 (target 1) — MIG-003 backfill skipped (already done)
[1780035924] [search] init_db: schema_versions.dependent_tables_mig003=1 (target 1) — Step 2 backfill skipped (already done)
[1780035924] [search] mig003_step3_soft_rebackfill: repaired note_meta=1 note_links src=1 tgt=0 sky_nodes=1 note_aliases=0 note_embeddings=0 — elapsed=421.2984ms
[1780035924] [search] init_db: schema_versions.mig003_step4=1 (target 1) — Step 4 already done
[1780035924] [search] init_db: PRAGMA optimize completed (sqlite_stat1 refreshed)
[1780035924] [federation-prewarm] E:\Constellation Universes\Eisa Cognitive Knowledge\.constellation\search.db FTS5 optimize OK in 3ms (segid -1 → -1)
[1780036024] [search] init_db: PRAGMA user_version=1 (target 1) — rebuild skipped (already current)
[1780036024] [search] init_db: schema_versions.sky=10 (target 10) — sky current
[1780036024] [search] init_db: schema_versions.note_meta=1 (target 1) — MIG-003 backfill skipped (already done)
[1780036024] [search] init_db: schema_versions.dependent_tables_mig003=1 (target 1) — Step 2 backfill skipped (already done)
[1780036025] [search] mig003_step3_soft_rebackfill: repaired note_meta=1 note_links src=1 tgt=0 sky_nodes=1 note_aliases=0 note_embeddings=0 — elapsed=448.5012ms
[1780036025] [search] init_db: schema_versions.mig003_step4=1 (target 1) — Step 4 already done
[1780036025] [search] init_db: PRAGMA optimize completed (sqlite_stat1 refreshed)
[1780036025] [federation-prewarm] E:\Constellation Universes\Eisa Cognitive Knowledge\.constellation\search.db FTS5 optimize OK in 0ms (segid -1 → -1)
[1780046120] [search] init_db: PRAGMA user_version=1 (target 1) — rebuild skipped (already current)
[1780046120] [search] init_db: schema_versions.sky=10 (target 10) — sky current
[1780046120] [search] init_db: schema_versions.note_meta=1 (target 1) — MIG-003 backfill skipped (already done)
[1780046120] [search] init_db: schema_versions.dependent_tables_mig003=1 (target 1) — Step 2 backfill skipped (already done)
[1780046120] [search] mig003_step3_soft_rebackfill: repaired note_meta=1 note_links src=1 tgt=0 sky_nodes=1 note_aliases=0 note_embeddings=0 — elapsed=447.1346ms
[1780046120] [search] init_db: schema_versions.mig003_step4=1 (target 1) — Step 4 already done
[1780046120] [search] init_db: PRAGMA optimize completed (sqlite_stat1 refreshed)
[1780046121] [federation-prewarm] E:\Constellation Universes\Eisa Cognitive Knowledge\.constellation\search.db FTS5 optimize OK in 21ms (segid -1 → -1)
[1780049018] [search] init_db: PRAGMA user_version=1 (target 1) — rebuild skipped (already current)
[1780049018] [search] init_db: schema_versions.sky=10 (target 10) — sky current
[1780049018] [search] init_db: schema_versions.note_meta=1 (target 1) — MIG-003 backfill skipped (already done)
[1780049018] [search] init_db: schema_versions.dependent_tables_mig003=1 (target 1) — Step 2 backfill skipped (already done)
[1780049019] [search] mig003_step3_soft_rebackfill: repaired note_meta=1 note_links src=1 tgt=0 sky_nodes=1 note_aliases=0 note_embeddings=0 — elapsed=500.1974ms
[1780049019] [search] init_db: schema_versions.mig003_step4=1 (target 1) — Step 4 already done
[1780049019] [search] init_db: PRAGMA optimize completed (sqlite_stat1 refreshed)
[1780049019] [federation-prewarm] E:\Constellation Universes\Eisa Cognitive Knowledge\.constellation\search.db FTS5 optimize OK in 4ms (segid -1 → -1)
[1780049313] [search] init_db: PRAGMA user_version=1 (target 1) — rebuild skipped (already current)
[1780049313] [search] init_db: schema_versions.sky=10 (target 10) — sky current
[1780049313] [search] init_db: schema_versions.note_meta=1 (target 1) — MIG-003 backfill skipped (already done)
[1780049313] [search] init_db: schema_versions.dependent_tables_mig003=1 (target 1) — Step 2 backfill skipped (already done)
[1780049314] [search] mig003_step3_soft_rebackfill: repaired note_meta=1 note_links src=1 tgt=0 sky_nodes=1 note_aliases=0 note_embeddings=0 — elapsed=472.3435ms
[1780049314] [search] init_db: schema_versions.mig003_step4=1 (target 1) — Step 4 already done
[1780049314] [search] init_db: PRAGMA optimize completed (sqlite_stat1 refreshed)
[1780049314] [federation-prewarm] E:\Constellation Universes\Eisa Cognitive Knowledge\.constellation\search.db FTS5 optimize OK in 0ms (segid -1 → -1)
[1780057558] [search] init_db: PRAGMA user_version=1 (target 1) — rebuild skipped (already current)
[1780057558] [search] init_db: schema_versions.sky=10 (target 10) — sky current
[1780057558] [search] init_db: schema_versions.note_meta=1 (target 1) — MIG-003 backfill skipped (already done)
[1780057558] [search] init_db: schema_versions.dependent_tables_mig003=1 (target 1) — Step 2 backfill skipped (already done)
[1780057559] [search] mig003_step3_soft_rebackfill: repaired note_meta=1 note_links src=1 tgt=0 sky_nodes=1 note_aliases=0 note_embeddings=0 — elapsed=457.3703ms
[1780057559] [search] init_db: schema_versions.mig003_step4=1 (target 1) — Step 4 already done
[1780057559] [search] init_db: PRAGMA optimize completed (sqlite_stat1 refreshed)
[1780057559] [federation-prewarm] E:\Constellation Universes\Eisa Cognitive Knowledge\.constellation\search.db FTS5 optimize OK in 22ms (segid -1 → -1)
[1780057717] [search] init_db: PRAGMA user_version=1 (target 1) — rebuild skipped (already current)
[1780057717] [search] init_db: schema_versions.sky=10 (target 10) — sky current
[1780057717] [search] init_db: schema_versions.note_meta=1 (target 1) — MIG-003 backfill skipped (already done)
[1780057717] [search] init_db: schema_versions.dependent_tables_mig003=1 (target 1) — Step 2 backfill skipped (already done)
[1780057717] [search] mig003_step3_soft_rebackfill: repaired note_meta=1 note_links src=1 tgt=0 sky_nodes=1 note_aliases=0 note_embeddings=0 — elapsed=9.3861ms
[1780057717] [search] init_db: schema_versions.mig003_step4=1 (target 1) — Step 4 already done
[1780057717] [search] init_db: PRAGMA optimize completed (sqlite_stat1 refreshed)
[1780057717] [federation-prewarm] E:\Constellation Universes\Eisa Cognitive Knowledge\.constellation\search.db FTS5 optimize OK in 1ms (segid -1 → -1)
[1780058703] [search] init_db: PRAGMA user_version=1 (target 1) — rebuild skipped (already current)
[1780058703] [search] init_db: schema_versions.sky=10 (target 10) — sky current
[1780058703] [search] init_db: schema_versions.note_meta=1 (target 1) — MIG-003 backfill skipped (already done)
[1780058704] [search] init_db: schema_versions.dependent_tables_mig003=1 (target 1) — Step 2 backfill skipped (already done)
[1780058704] [search] mig003_step3_soft_rebackfill: repaired note_meta=1 note_links src=1 tgt=0 sky_nodes=1 note_aliases=0 note_embeddings=0 — elapsed=412.9913ms
[1780058704] [search] init_db: schema_versions.mig003_step4=1 (target 1) — Step 4 already done
[1780058704] [search] init_db: PRAGMA optimize completed (sqlite_stat1 refreshed)
[1780058704] [federation-prewarm] E:\Constellation Universes\Eisa Cognitive Knowledge\.constellation\search.db FTS5 optimize OK in 5ms (segid -1 → -1)
[1780060317] [search] init_db: PRAGMA user_version=1 (target 1) — rebuild skipped (already current)
[1780060317] [search] init_db: schema_versions.sky=10 (target 10) — sky current
[1780060317] [search] init_db: schema_versions.note_meta=1 (target 1) — MIG-003 backfill skipped (already done)
[1780060317] [search] init_db: schema_versions.dependent_tables_mig003=1 (target 1) — Step 2 backfill skipped (already done)
[1780060318] [search] mig003_step3_soft_rebackfill: repaired note_meta=1 note_links src=1 tgt=0 sky_nodes=1 note_aliases=0 note_embeddings=0 — elapsed=456.2213ms
[1780060318] [search] init_db: schema_versions.mig003_step4=1 (target 1) — Step 4 already done
[1780060318] [search] init_db: PRAGMA optimize completed (sqlite_stat1 refreshed)
[1780060318] [federation-prewarm] E:\Constellation Universes\Eisa Cognitive Knowledge\.constellation\search.db FTS5 optimize OK in 5ms (segid -1 → -1)
[1780061375] [search] init_db: PRAGMA user_version=1 (target 1) — rebuild skipped (already current)
[1780061375] [search] init_db: schema_versions.sky=10 (target 10) — sky current
[1780061375] [search] init_db: schema_versions.note_meta=1 (target 1) — MIG-003 backfill skipped (already done)
[1780061375] [search] init_db: schema_versions.dependent_tables_mig003=1 (target 1) — Step 2 backfill skipped (already done)
[1780061376] [search] mig003_step3_soft_rebackfill: repaired note_meta=1 note_links src=1 tgt=0 sky_nodes=1 note_aliases=0 note_embeddings=0 — elapsed=463.1795ms
[1780061376] [search] init_db: schema_versions.mig003_step4=1 (target 1) — Step 4 already done
[1780061376] [search] init_db: PRAGMA optimize completed (sqlite_stat1 refreshed)
[1780061376] [federation-prewarm] E:\Constellation Universes\Eisa Cognitive Knowledge\.constellation\search.db FTS5 optimize OK in 4ms (segid -1 → -1)
[1780062643] [search] init_db: PRAGMA user_version=1 (target 1) — rebuild skipped (already current)
[1780062643] [search] init_db: schema_versions.sky=10 (target 10) — sky current
[1780062643] [search] init_db: schema_versions.note_meta=1 (target 1) — MIG-003 backfill skipped (already done)
[1780062643] [search] init_db: schema_versions.dependent_tables_mig003=1 (target 1) — Step 2 backfill skipped (already done)
[1780062644] [search] mig003_step3_soft_rebackfill: repaired note_meta=1 note_links src=1 tgt=0 sky_nodes=1 note_aliases=0 note_embeddings=0 — elapsed=419.6742ms
[1780062644] [search] init_db: schema_versions.mig003_step4=1 (target 1) — Step 4 already done
[1780062644] [search] init_db: PRAGMA optimize completed (sqlite_stat1 refreshed)
[1780062644] [federation-prewarm] E:\Constellation Universes\Eisa Cognitive Knowledge\.constellation\search.db FTS5 optimize OK in 4ms (segid -1 → -1)
[1780069605] [search] init_db: PRAGMA user_version=1 (target 1) — rebuild skipped (already current)
[1780069605] [search] init_db: schema_versions.sky=10 (target 10) — sky current
[1780069605] [search] init_db: schema_versions.note_meta=1 (target 1) — MIG-003 backfill skipped (already done)
[1780069605] [search] init_db: schema_versions.dependent_tables_mig003=1 (target 1) — Step 2 backfill skipped (already done)
[1780069605] [search] mig003_step3_soft_rebackfill: repaired note_meta=1 note_links src=1 tgt=0 sky_nodes=1 note_aliases=0 note_embeddings=0 — elapsed=455.7038ms
[1780069605] [search] init_db: schema_versions.mig003_step4=1 (target 1) — Step 4 already done
[1780069605] [search] init_db: PRAGMA optimize completed (sqlite_stat1 refreshed)
[1780069606] [federation-prewarm] E:\Constellation Universes\Eisa Cognitive Knowledge\.constellation\search.db FTS5 optimize OK in 5ms (segid -1 → -1)
[1780305399] [search] init_db: PRAGMA user_version=1 (target 1) — rebuild skipped (already current)
[1780305399] [search] init_db: schema_versions.sky=10 (target 10) — sky current
[1780305399] [search] init_db: schema_versions.note_meta=1 (target 1) — MIG-003 backfill skipped (already done)
[1780305399] [search] init_db: schema_versions.dependent_tables_mig003=1 (target 1) — Step 2 backfill skipped (already done)
[1780305400] [search] mig003_step3_soft_rebackfill: repaired note_meta=1 note_links src=1 tgt=0 sky_nodes=1 note_aliases=0 note_embeddings=0 — elapsed=457.2791ms
[1780305400] [search] init_db: schema_versions.mig003_step4=1 (target 1) — Step 4 already done
[1780305400] [search] init_db: PRAGMA optimize completed (sqlite_stat1 refreshed)
[1780305401] [links_backfill] completed: 1101 notes recomputed
[1780305467] [federation-prewarm] E:\Constellation Universes\Eisa Cognitive Knowledge\.constellation\search.db FTS5 optimize OK in 67144ms (segid -1 → -1)
[1780305469] [links_backfill] completed: 1101 notes recomputed
[1780816680] [search] init_db: PRAGMA user_version=1 (target 1) — rebuild skipped (already current)
[1780816680] [search] init_db: schema_versions.sky=10 (target 10) — sky current
[1780816680] [search] init_db: schema_versions.note_meta=1 (target 1) — MIG-003 backfill skipped (already done)
[1780816680] [search] init_db: schema_versions.dependent_tables_mig003=1 (target 1) — Step 2 backfill skipped (already done)
[1780816680] [search] mig003_step3_soft_rebackfill: repaired note_meta=1 note_links src=1 tgt=0 sky_nodes=1 note_aliases=0 note_embeddings=0 — elapsed=484.8544ms
[1780816680] [search] init_db: schema_versions.mig003_step4=1 (target 1) — Step 4 already done
[1780816680] [search] init_db: PRAGMA optimize completed (sqlite_stat1 refreshed)
[1780816680] [federation-prewarm] E:\Constellation Universes\كون عيسى\.constellation\search.db FTS5 optimize OK in 0ms (segid -1 → -1)
[1780816709] [federation-prewarm] E:\Constellation Universes\Eisa Cognitive Knowledge\.constellation\search.db FTS5 optimize OK in 28394ms (segid -1 → -1)
[1781183903] [search] init_db: PRAGMA user_version=1 (target 1) — rebuild skipped (already current)
[1781183903] [search] init_db: schema_versions.sky=10 (target 10) — sky current
[1781183903] [search] init_db: schema_versions.note_meta=1 (target 1) — MIG-003 backfill skipped (already done)
[1781183903] [search] init_db: schema_versions.dependent_tables_mig003=1 (target 1) — Step 2 backfill skipped (already done)
[1781183904] [search] mig003_step3_soft_rebackfill: repaired note_meta=1 note_links src=1 tgt=0 sky_nodes=1 note_aliases=0 note_embeddings=0 — elapsed=483.0664ms
[1781183904] [search] init_db: schema_versions.mig003_step4=1 (target 1) — Step 4 already done
[1781183904] [search] init_db: PRAGMA optimize completed (sqlite_stat1 refreshed)
[1781183904] [federation-prewarm] E:\Constellation Universes\كون عيسى\.constellation\search.db FTS5 optimize OK in 0ms (segid -1 → -1)
[1781183932] [federation-prewarm] E:\Constellation Universes\Eisa Cognitive Knowledge\.constellation\search.db FTS5 optimize OK in 27845ms (segid -1 → -1)
[1781227779] [search] init_db: PRAGMA user_version=1 (target 1) — rebuild skipped (already current)
[1781227779] [search] init_db: schema_versions.sky=10 (target 10) — sky current
[1781227779] [search] init_db: schema_versions.note_meta=1 (target 1) — MIG-003 backfill skipped (already done)
[1781227779] [search] init_db: schema_versions.dependent_tables_mig003=1 (target 1) — Step 2 backfill skipped (already done)
[1781227780] [search] mig003_step3_soft_rebackfill: repaired note_meta=1 note_links src=1 tgt=0 sky_nodes=1 note_aliases=0 note_embeddings=0 — elapsed=432.2784ms
[1781227780] [search] init_db: schema_versions.mig003_step4=1 (target 1) — Step 4 already done
[1781227780] [search] init_db: PRAGMA optimize completed (sqlite_stat1 refreshed)
[1781227780] [federation-prewarm] E:\Constellation Universes\كون عيسى\.constellation\search.db FTS5 optimize OK in 3ms (segid -1 → -1)
[1781227816] [federation-prewarm] E:\Constellation Universes\Eisa Cognitive Knowledge\.constellation\search.db FTS5 optimize OK in 35876ms (segid -1 → -1)
[1781709252] [search] init_db: PRAGMA user_version=1 (target 1) — rebuild skipped (already current)
[1781709252] [search] init_db: schema_versions.sky=10 (target 10) — sky current
[1781709252] [search] init_db: schema_versions.note_meta=1 (target 1) — MIG-003 backfill skipped (already done)
[1781709252] [search] init_db: schema_versions.dependent_tables_mig003=1 (target 1) — Step 2 backfill skipped (already done)
[1781709252] [search] mig003_step3_soft_rebackfill: stale=1 reindexed=1 dependent_rows=1 still_empty=0 errors=0 — elapsed=82.9744ms
[1781709252] [search] init_db: schema_versions.mig003_step4=1 (target 1) — Step 4 already done
[1781709252] [search] init_db: PRAGMA optimize completed (sqlite_stat1 refreshed)
[1781709253] [note_body_backfill] FAILED (non-fatal): copy range: database is locked
[1781709253] [link_boot_index] idx_link_boot built + stamped
[1781709253] [tag_counts_backfill] completed: 1590 distinct tags
[1781709253] [federation-prewarm] E:\Constellation Universes\كون عيسى\.constellation\search.db FTS5 optimize OK in 0ms (segid -1 → -1)
[1781709254] [incoming_links_backfill] completed: 1101 notes recomputed
[1782262786] [search] init_db: PRAGMA user_version=1 (target 1) — rebuild skipped (already current)
[1782262786] [search] init_db: schema_versions.sky=10 (target 10) — sky current
[1782262786] [search] init_db: schema_versions.note_meta=1 (target 1) — MIG-003 backfill skipped (already done)
[1782262786] [search] init_db: schema_versions.dependent_tables_mig003=1 (target 1) — Step 2 backfill skipped (already done)
[1782262786] [search] init_db: schema_versions.mig003_step4=1 (target 1) — Step 4 already done
[1782262786] [search] init_db: PRAGMA optimize completed (sqlite_stat1 refreshed)
[1782262786] [name_fold_backfill] FAILED (non-fatal): update name_lower: database is locked
[1782262787] [federation-prewarm] E:\Constellation Universes\كون عيسى\.constellation\search.db FTS5 optimize OK in 0ms (segid -1 → -1)
[1782262788] [note_body_backfill] completed: 901 bodies copied
[1782262829] [federation-prewarm] E:\Constellation Universes\Eisa Cognitive Knowledge\.constellation\search.db FTS5 optimize OK in 42808ms (segid -1 → -1)
[1783158391] [search] init_db: PRAGMA user_version=1 (target 1) — rebuild skipped (already current)
[1783158391] [search] init_db: schema_versions.sky=10 (target 10) — sky current
[1783158391] [search] init_db: schema_versions.note_meta=1 (target 1) — MIG-003 backfill skipped (already done)
[1783158392] [search] init_db: schema_versions.dependent_tables_mig003=1 (target 1) — Step 2 backfill skipped (already done)
[1783158392] [search] init_db: schema_versions.mig003_step4=1 (target 1) — Step 4 already done
[1783158392] [search] init_db: PRAGMA optimize completed (sqlite_stat1 refreshed)
[1783158392] [name_fold_backfill] FAILED (non-fatal): update name_lower: database is locked
[1783158392] [federation-prewarm] E:\Constellation Universes\كون عيسى\.constellation\search.db FTS5 optimize OK in 0ms (segid -1 → -1)
[1783158622] [search] init_db: PRAGMA user_version=1 (target 1) — rebuild skipped (already current)
[1783158622] [search] init_db: schema_versions.sky=10 (target 10) — sky current
[1783158622] [search] init_db: schema_versions.note_meta=1 (target 1) — MIG-003 backfill skipped (already done)
[1783158622] [search] init_db: schema_versions.dependent_tables_mig003=1 (target 1) — Step 2 backfill skipped (already done)
[1783158622] [search] mig003_step3_soft_rebackfill: stale=1 reindexed=0 dependent_rows=1 still_empty=1 errors=0 — elapsed=51.4789ms
[1783158622] [search] init_db: schema_versions.mig003_step4=1 (target 1) — Step 4 already done
[1783158622] [search] init_db: PRAGMA optimize completed (sqlite_stat1 refreshed)
[1783158622] [federation-prewarm] E:\Constellation Universes\كون عيسى\.constellation\search.db FTS5 optimize OK in 0ms (segid -1 → -1)
[1783158622] [federation-prewarm] E:\Constellation Universes\Eisa Cognitive Knowledge\.constellation\search.db FTS5 optimize OK in 0ms (segid -1 → -1)
[1783158622] [name_fold_backfill] FAILED (non-fatal): update name_lower: database is locked
[1783168557] [search] init_db: PRAGMA user_version=1 (target 1) — rebuild skipped (already current)
[1783168557] [search] init_db: schema_versions.sky=10 (target 10) — sky current
[1783168557] [search] init_db: schema_versions.note_meta=1 (target 1) — MIG-003 backfill skipped (already done)
[1783168557] [search] init_db: schema_versions.dependent_tables_mig003=1 (target 1) — Step 2 backfill skipped (already done)
[1783168558] [search] mig003_step3_soft_rebackfill: stale=1 reindexed=0 dependent_rows=1 still_empty=1 errors=0 — elapsed=514.0264ms
[1783168558] [search] init_db: schema_versions.mig003_step4=1 (target 1) — Step 4 already done
[1783168558] [search] init_db: PRAGMA optimize completed (sqlite_stat1 refreshed)
[1783168558] [name_fold_backfill] FAILED (non-fatal): update name_lower: database is locked
[1783168559] [federation-prewarm] E:\Constellation Universes\كون عيسى\.constellation\search.db FTS5 optimize OK in 13ms (segid -1 → -1)
[1783168559] [federation-prewarm] E:\Constellation Universes\Eisa Cognitive Knowledge\.constellation\search.db FTS5 optimize OK in 13ms (segid -1 → -1)
[1783258296] [search] init_db: PRAGMA user_version=1 (target 1) — rebuild skipped (already current)
[1783258296] [search] init_db: schema_versions.sky=10 (target 10) — sky current
[1783258296] [search] init_db: schema_versions.note_meta=1 (target 1) — MIG-003 backfill skipped (already done)
[1783258298] [search] init_db: schema_versions.dependent_tables_mig003=1 (target 1) — Step 2 backfill skipped (already done)
[1783258298] [search] mig003_step3_soft_rebackfill: stale=1 reindexed=0 dependent_rows=1 still_empty=1 errors=0 — elapsed=62.4395ms
[1783258298] [search] init_db: schema_versions.mig003_step4=1 (target 1) — Step 4 already done
[1783258298] [search] init_db: PRAGMA optimize completed (sqlite_stat1 refreshed)
[1783258298] [name_fold_backfill] FAILED (non-fatal): update name_lower: database is locked
[1783258298] [federation-prewarm] E:\Constellation Universes\كون عيسى\.constellation\search.db FTS5 optimize OK in 11ms (segid -1 → -1)
[1783259529] [search] init_db: PRAGMA user_version=1 (target 1) — rebuild skipped (already current)
[1783259529] [search] init_db: schema_versions.sky=10 (target 10) — sky current
[1783259529] [search] init_db: schema_versions.note_meta=1 (target 1) — MIG-003 backfill skipped (already done)
[1783259530] [search] init_db: schema_versions.dependent_tables_mig003=1 (target 1) — Step 2 backfill skipped (already done)
[1783259536] [search] mig003_step3_soft_rebackfill: stale=1 reindexed=0 dependent_rows=1 still_empty=1 errors=0 — elapsed=109.4387ms
[1783259536] [search] init_db: schema_versions.mig003_step4=1 (target 1) — Step 4 already done
[1783259536] [search] init_db: PRAGMA optimize completed (sqlite_stat1 refreshed)
[1783259537] [name_fold_backfill] FAILED (non-fatal): update name_lower: database is locked
[1783259717] [search] init_db: PRAGMA user_version=1 (target 1) — rebuild skipped (already current)
[1783259717] [search] init_db: schema_versions.sky=10 (target 10) — sky current
[1783259717] [search] init_db: schema_versions.note_meta=1 (target 1) — MIG-003 backfill skipped (already done)
[1783259717] [search] init_db: schema_versions.dependent_tables_mig003=1 (target 1) — Step 2 backfill skipped (already done)
[1783259717] [search] mig003_step3_soft_rebackfill: stale=1 reindexed=0 dependent_rows=1 still_empty=1 errors=0 — elapsed=4.7237ms
[1783259717] [search] init_db: schema_versions.mig003_step4=1 (target 1) — Step 4 already done
[1783259717] [search] init_db: PRAGMA optimize completed (sqlite_stat1 refreshed)
[1783259717] [name_fold_backfill] FAILED (non-fatal): update name_lower: database is locked
[1783259717] [federation-prewarm] E:\Constellation Universes\كون عيسى\.constellation\search.db FTS5 optimize OK in 0ms (segid -1 → -1)
[1783259717] [federation-prewarm] E:\Constellation Universes\Eisa Cognitive Knowledge\.constellation\search.db FTS5 optimize OK in 0ms (segid -1 → -1)
[1784014633] [reconcile] FAILED (non-fatal): DB not initialized
[1784014633] [search] init_db: PRAGMA user_version=1 (target 1) — rebuild skipped (already current)
[1784014633] [search] init_db: schema_versions.sky=10 (target 10) — sky current
[1784014633] [search] init_db: schema_versions.note_meta=1 (target 1) — MIG-003 backfill skipped (already done)
[1784014633] [search] init_db: schema_versions.dependent_tables_mig003=1 (target 1) — Step 2 backfill skipped (already done)
[1784014639] [search] mig003_step3_soft_rebackfill: stale=163 reindexed=0 dependent_rows=891 still_empty=163 errors=0 — elapsed=3.7661815s
[1784014639] [search] init_db: schema_versions.mig003_step4=1 (target 1) — Step 4 already done
[1784014639] [search] init_db: PRAGMA optimize completed (sqlite_stat1 refreshed)
[1784014639] [federation-prewarm] E:\Constellation Universes\كون عيسى\.constellation\search.db FTS5 optimize OK in 90ms (segid -1 → -1)
[1784014650] [name_fold_backfill] completed: 1890 name_lower filled, 0 accented notes recomputed
[1784014650] [links_backfill] completed: 1890 notes recomputed
[1786106722] [search] init_db: PRAGMA user_version=1 (target 1) — rebuild skipped (already current)
[1786106722] [search] init_db: schema_versions.sky=10 (target 10) — sky current
[1786106722] [search] init_db: schema_versions.note_meta=1 (target 1) — MIG-003 backfill skipped (already done)
[1786106724] [search] init_db: schema_versions.dependent_tables_mig003=1 (target 1) — Step 2 backfill skipped (already done)
[1786106752] [search] mig003_step3_soft_rebackfill: stale=163 templates=0 reindexed=0 injected=163 dependent_rows=1 still_empty=0 skipped_failed=0 errors=0 — elapsed=27.7912646s
[1786106752] [search] init_db: schema_versions.mig003_step4=1 (target 1) — Step 4 already done
[1786106753] [search] init_db: PRAGMA optimize completed (sqlite_stat1 refreshed)
[1786106753] [federation-prewarm] E:\Constellation Universes\كون عيسى\.constellation\search.db FTS5 optimize OK in 0ms (segid -1 → -1)
[1786106754] [lib_attr] re-attributed 0 note(s)
[1786106755] [link_life_backfill] seeded the earned-life ledger: 0 recorded of 0 earned rows (skipped 0 with no source identity, 0 structural) — stamped
[1786106755] [props_reparse] FAILED (non-fatal): completeness check failed: 2 row(s) still carry the phantom signature — not stamping, the next boot re-runs
[1786106755] [incoming_links_backfill] completed: 1890 notes recomputed
[1786106765] [reconcile] 819 orphan files (> cap 200) — skipping re-adopt (a full reindex is the right tool).
[1786106783] [federation-prewarm] E:\Constellation Universes\Eisa Cognitive Knowledge\.constellation\search.db FTS5 optimize OK in 29298ms (segid -1 → -1)
[1786107201] [search] init_db: PRAGMA user_version=1 (target 1) — rebuild skipped (already current)
[1786107201] [search] init_db: schema_versions.sky=10 (target 10) — sky current
[1786107201] [search] init_db: schema_versions.note_meta=1 (target 1) — MIG-003 backfill skipped (already done)
[1786107201] [search] init_db: schema_versions.dependent_tables_mig003=1 (target 1) — Step 2 backfill skipped (already done)
[1786107201] [search] init_db: schema_versions.mig003_step4=1 (target 1) — Step 4 already done
[1786107202] [search] init_db: PRAGMA optimize completed (sqlite_stat1 refreshed)
[1786107226] [search] init_db: PRAGMA user_version=1 (target 1) — rebuild skipped (already current)
[1786107226] [search] init_db: schema_versions.sky=10 (target 10) — sky current
[1786107226] [search] init_db: schema_versions.note_meta=1 (target 1) — MIG-003 backfill skipped (already done)
[1786107226] [search] init_db: schema_versions.dependent_tables_mig003=1 (target 1) — Step 2 backfill skipped (already done)
[1786107226] [search] init_db: schema_versions.mig003_step4=1 (target 1) — Step 4 already done
[1786107226] [search] init_db: PRAGMA optimize completed (sqlite_stat1 refreshed)
[1786107336] [search] init_db: PRAGMA user_version=1 (target 1) — rebuild skipped (already current)
[1786107336] [search] init_db: schema_versions.sky=10 (target 10) — sky current
[1786107336] [search] init_db: schema_versions.note_meta=1 (target 1) — MIG-003 backfill skipped (already done)
[1786107336] [search] init_db: schema_versions.dependent_tables_mig003=1 (target 1) — Step 2 backfill skipped (already done)
[1786107336] [search] init_db: schema_versions.mig003_step4=1 (target 1) — Step 4 already done
[1786107339] [search] init_db: PRAGMA optimize completed (sqlite_stat1 refreshed)
[1786107339] [federation-prewarm] E:\Constellation Universes\كون عيسى\.constellation\search.db FTS5 optimize OK in 0ms (segid -1 → -1)
[1786107339] [federation-prewarm] E:\Constellation Universes\Eisa Cognitive Knowledge\.constellation\search.db FTS5 optimize OK in 0ms (segid -1 → -1)
[1786107340] [props_reparse] FAILED (non-fatal): completeness check failed: 2 row(s) still carry the phantom signature — not stamping, the next boot re-runs
[1786107342] [reconcile] 825 orphan files (> cap 200) — skipping re-adopt (a full reindex is the right tool).
[1786113227] [search] init_db: PRAGMA user_version=1 (target 1) — rebuild skipped (already current)
[1786113227] [search] init_db: schema_versions.sky=10 (target 10) — sky current
[1786113227] [search] init_db: schema_versions.note_meta=1 (target 1) — MIG-003 backfill skipped (already done)
[1786113227] [search] init_db: schema_versions.dependent_tables_mig003=1 (target 1) — Step 2 backfill skipped (already done)
[1786113227] [search] init_db: schema_versions.mig003_step4=1 (target 1) — Step 4 already done
[1786113232] [search] init_db: PRAGMA optimize completed (sqlite_stat1 refreshed)
[1786113233] [federation-prewarm] E:\Constellation Universes\كون عيسى\.constellation\search.db FTS5 optimize OK in 36ms (segid -1 → -1)
[1786113233] [federation-prewarm] E:\Constellation Universes\Eisa Cognitive Knowledge\.constellation\search.db FTS5 optimize OK in 8ms (segid -1 → -1)
[1786113239] [props_reparse] FAILED (non-fatal): completeness check failed: 2 row(s) still carry the phantom signature — not stamping, the next boot re-runs
[1786113242] [reconcile] 825 orphan files (> cap 200) — skipping re-adopt (a full reindex is the right tool).
[1786113616] [search] init_db: PRAGMA user_version=1 (target 1) — rebuild skipped (already current)
[1786113616] [search] init_db: schema_versions.sky=10 (target 10) — sky current
[1786113616] [search] init_db: schema_versions.note_meta=1 (target 1) — MIG-003 backfill skipped (already done)
[1786113616] [search] init_db: schema_versions.dependent_tables_mig003=1 (target 1) — Step 2 backfill skipped (already done)
[1786113616] [search] init_db: schema_versions.mig003_step4=1 (target 1) — Step 4 already done
[1786113620] [search] init_db: PRAGMA optimize completed (sqlite_stat1 refreshed)
[1786113621] [federation-prewarm] E:\Constellation Universes\كون عيسى\.constellation\search.db FTS5 optimize OK in 110ms (segid -1 → -1)
[1786113621] [federation-prewarm] E:\Constellation Universes\Eisa Cognitive Knowledge\.constellation\search.db FTS5 optimize OK in 30ms (segid -1 → -1)
[1786113624] [props_reparse] FAILED (non-fatal): completeness check failed: 2 row(s) still carry the phantom signature — not stamping, the next boot re-runs
[1786113628] [reconcile] 825 orphan files (> cap 200) — skipping re-adopt (a full reindex is the right tool).
[1786166168] [search] init_db: PRAGMA user_version=1 (target 1) — rebuild skipped (already current)
[1786166169] [search] init_db: schema_versions.sky=10 (target 10) — sky current
[1786166169] [search] init_db: schema_versions.note_meta=1 (target 1) — MIG-003 backfill skipped (already done)
[1786166169] [search] init_db: schema_versions.dependent_tables_mig003=1 (target 1) — Step 2 backfill skipped (already done)
[1786166169] [search] init_db: schema_versions.mig003_step4=1 (target 1) — Step 4 already done
[1786166177] [search] init_db: PRAGMA optimize completed (sqlite_stat1 refreshed)
[1786166179] [federation-prewarm] E:\Constellation Universes\كون عيسى\.constellation\search.db FTS5 optimize OK in 0ms (segid -1 → -1)
[1786166179] [federation-prewarm] E:\Constellation Universes\Eisa Cognitive Knowledge\.constellation\search.db FTS5 optimize OK in 19ms (segid -1 → -1)
[1786166183] [props_reparse] FAILED (non-fatal): completeness check failed: 2 row(s) still carry the phantom signature — not stamping, the next boot re-runs
[1786166184] [reconcile] 825 orphan files (> cap 200) — skipping re-adopt (a full reindex is the right tool).
[1786166184] [reconcile] drift check: 19 changed on disk, 825 not in the index, 0 rows without a file, 9 from a linked universe (2094 files / 1890 rows seen, walk complete)
[1786167085] [search] init_db: PRAGMA user_version=1 (target 1) — rebuild skipped (already current)
[1786167085] [search] init_db: schema_versions.sky=10 (target 10) — sky current
[1786167085] [search] init_db: schema_versions.note_meta=1 (target 1) — MIG-003 backfill skipped (already done)
[1786167085] [search] init_db: schema_versions.dependent_tables_mig003=1 (target 1) — Step 2 backfill skipped (already done)
[1786167085] [search] init_db: schema_versions.mig003_step4=1 (target 1) — Step 4 already done
[1786167090] [search] init_db: PRAGMA optimize completed (sqlite_stat1 refreshed)
[1786167091] [federation-prewarm] E:\Constellation Universes\كون عيسى\.constellation\search.db FTS5 optimize OK in 0ms (segid -1 → -1)
[1786167091] [federation-prewarm] E:\Constellation Universes\Eisa Cognitive Knowledge\.constellation\search.db FTS5 optimize OK in 5ms (segid -1 → -1)
[1786167095] [props_reparse] FAILED (non-fatal): completeness check failed: 2 row(s) still carry the phantom signature — not stamping, the next boot re-runs
[1786167096] [reconcile] 825 orphan files (> cap 200) — skipping re-adopt (a full reindex is the right tool).
[1786167096] [reconcile] drift check: 19 changed on disk, 825 not in the index, 0 rows without a file, 9 from a linked universe (2094 files / 1890 rows seen, walk complete)
[1786167323] [rename-tail] scheduling tail old=E:\Constellation Universes\كون عيسى\Through away note.md new=E:\Constellation Universes\كون عيسى\Throughaway note.md
[1786167323] [rename-tail] START old=E:\Constellation Universes\كون عيسى\Through away note.md new=E:\Constellation Universes\كون عيسى\Throughaway note.md title 'Through away note'->'Throughaway note'
[1786167323] [rename-tail] reindex OK for E:\Constellation Universes\كون عيسى\Throughaway note.md (lib كون عيسى)
[1786167323] [rename-tail] END
[1786167471] [search] init_db: PRAGMA user_version=1 (target 1) — rebuild skipped (already current)
[1786167472] [search] init_db: schema_versions.sky=10 (target 10) — sky current
[1786167472] [search] init_db: schema_versions.note_meta=1 (target 1) — MIG-003 backfill skipped (already done)
[1786167472] [search] init_db: schema_versions.dependent_tables_mig003=1 (target 1) — Step 2 backfill skipped (already done)
[1786167472] [search] init_db: schema_versions.mig003_step4=1 (target 1) — Step 4 already done
[1786167473] [search] init_db: PRAGMA optimize completed (sqlite_stat1 refreshed)
[1786167473] [federation-prewarm] E:\Constellation Universes\كون عيسى\.constellation\search.db FTS5 optimize OK in 0ms (segid -1 → -1)
[1786167473] [federation-prewarm] E:\Constellation Universes\Eisa Cognitive Knowledge\.constellation\search.db FTS5 optimize OK in 0ms (segid -1 → -1)
[1786167475] [props_reparse] FAILED (non-fatal): completeness check failed: 2 row(s) still carry the phantom signature — not stamping, the next boot re-runs
[1786167476] [reconcile] 825 orphan files (> cap 200) — skipping re-adopt (a full reindex is the right tool).
[1786167476] [reconcile] drift check: 19 changed on disk, 825 not in the index, 0 rows without a file, 10 from a linked universe (2094 files / 1891 rows seen, walk complete)
[1786168435] [search] init_db: PRAGMA user_version=1 (target 1) — rebuild skipped (already current)
[1786168435] [search] init_db: schema_versions.sky=10 (target 10) — sky current
[1786168435] [search] init_db: schema_versions.note_meta=1 (target 1) — MIG-003 backfill skipped (already done)
[1786168436] [search] init_db: schema_versions.dependent_tables_mig003=1 (target 1) — Step 2 backfill skipped (already done)
[1786168436] [search] init_db: schema_versions.mig003_step4=1 (target 1) — Step 4 already done
[1786168439] [search] init_db: PRAGMA optimize completed (sqlite_stat1 refreshed)
[1786168440] [federation-prewarm] E:\Constellation Universes\كون عيسى\.constellation\search.db FTS5 optimize OK in 105ms (segid -1 → -1)
[1786168440] [federation-prewarm] E:\Constellation Universes\Eisa Cognitive Knowledge\.constellation\search.db FTS5 optimize OK in 54ms (segid -1 → -1)
[1786168445] [props_reparse] FAILED (non-fatal): completeness check failed: 2 row(s) still carry the phantom signature — not stamping, the next boot re-runs
[1786168447] [reconcile] 825 orphan files (> cap 200) — skipping re-adopt (a full reindex is the right tool).
[1786168447] [reconcile] drift check: 19 changed on disk, 825 not in the index, 0 rows without a file, 10 from a linked universe (2094 files / 1891 rows seen, walk complete)
[1786168585] [search] init_db: PRAGMA user_version=1 (target 1) — rebuild skipped (already current)
[1786168585] [search] init_db: schema_versions.sky=10 (target 10) — sky current
[1786168585] [search] init_db: schema_versions.note_meta=1 (target 1) — MIG-003 backfill skipped (already done)
[1786168585] [search] init_db: schema_versions.dependent_tables_mig003=1 (target 1) — Step 2 backfill skipped (already done)
[1786168585] [search] init_db: schema_versions.mig003_step4=1 (target 1) — Step 4 already done
[1786168585] [search] init_db: PRAGMA optimize completed (sqlite_stat1 refreshed)
[1786168586] [federation-prewarm] E:\Constellation Universes\كون عيسى\.constellation\search.db FTS5 optimize OK in 0ms (segid -1 → -1)
[1786168586] [federation-prewarm] E:\Constellation Universes\Eisa Cognitive Knowledge\.constellation\search.db FTS5 optimize OK in 0ms (segid -1 → -1)
[1786168586] [props_reparse] FAILED (non-fatal): completeness check failed: 2 row(s) still carry the phantom signature — not stamping, the next boot re-runs
[1786168588] [reconcile] 825 orphan files (> cap 200) — skipping re-adopt (a full reindex is the right tool).
[1786168588] [reconcile] drift check: 19 changed on disk, 825 not in the index, 0 rows without a file, 10 from a linked universe (2094 files / 1891 rows seen, walk complete)
[1786168663] [search] init_db: PRAGMA user_version=1 (target 1) — rebuild skipped (already current)
[1786168663] [search] init_db: schema_versions.sky=10 (target 10) — sky current
[1786168663] [search] init_db: schema_versions.note_meta=1 (target 1) — MIG-003 backfill skipped (already done)
[1786168663] [search] init_db: schema_versions.dependent_tables_mig003=1 (target 1) — Step 2 backfill skipped (already done)
[1786168663] [search] init_db: schema_versions.mig003_step4=1 (target 1) — Step 4 already done
[1786168663] [search] init_db: PRAGMA optimize completed (sqlite_stat1 refreshed)
[1786168663] [federation-prewarm] E:\Constellation Universes\كون عيسى\.constellation\search.db FTS5 optimize OK in 0ms (segid -1 → -1)
[1786168663] [federation-prewarm] E:\Constellation Universes\Eisa Cognitive Knowledge\.constellation\search.db FTS5 optimize OK in 0ms (segid -1 → -1)
[1786168663] [reconcile] 825 orphan files (> cap 200) — skipping re-adopt (a full reindex is the right tool).
[1786168663] [reconcile] drift check: 20 changed on disk, 825 not in the index, 0 rows without a file, 10 from a linked universe (2094 files / 1891 rows seen, walk complete)
[1786168664] [props_reparse] FAILED (non-fatal): completeness check failed: 2 row(s) still carry the phantom signature — not stamping, the next boot re-runs
[1786180040] [search] init_db: PRAGMA user_version=1 (target 1) — rebuild skipped (already current)
[1786180040] [search] init_db: schema_versions.sky=10 (target 10) — sky current
[1786180040] [search] init_db: schema_versions.note_meta=1 (target 1) — MIG-003 backfill skipped (already done)
[1786180040] [search] init_db: schema_versions.dependent_tables_mig003=1 (target 1) — Step 2 backfill skipped (already done)
[1786180040] [search] init_db: schema_versions.mig003_step4=1 (target 1) — Step 4 already done
[1786180046] [search] init_db: PRAGMA optimize completed (sqlite_stat1 refreshed)
[1786180057] [props_reparse] FAILED (non-fatal): completeness check failed: 2 row(s) still carry the phantom signature — not stamping, the next boot re-runs
[1786180059] [federation-prewarm] E:\Constellation Universes\كون عيسى\.constellation\search.db FTS5 optimize OK in 55ms (segid -1 → -1)
[1786180059] [federation-prewarm] E:\Constellation Universes\Eisa Cognitive Knowledge\.constellation\search.db FTS5 optimize OK in 18ms (segid -1 → -1)
[1786180065] [reconcile] 825 orphan files (> cap 200) — skipping re-adopt (a full reindex is the right tool).
[1786180065] [reconcile] drift check: 20 changed on disk, 825 not in the index, 0 rows without a file, 10 from a linked universe (2094 files / 1891 rows seen, walk complete)
[1786183757] [search] init_db: PRAGMA user_version=1 (target 1) — rebuild skipped (already current)
[1786183757] [search] init_db: schema_versions.sky=10 (target 10) — sky current
[1786183757] [search] init_db: schema_versions.note_meta=1 (target 1) — MIG-003 backfill skipped (already done)
[1786183757] [search] init_db: schema_versions.dependent_tables_mig003=1 (target 1) — Step 2 backfill skipped (already done)
[1786183757] [search] init_db: schema_versions.mig003_step4=1 (target 1) — Step 4 already done
[1786183762] [search] init_db: PRAGMA optimize completed (sqlite_stat1 refreshed)
[1786183766] [federation-prewarm] E:\Constellation Universes\كون عيسى\.constellation\search.db FTS5 optimize OK in 302ms (segid -1 → -1)
[1786183766] [federation-prewarm] E:\Constellation Universes\Eisa Cognitive Knowledge\.constellation\search.db FTS5 optimize OK in 51ms (segid -1 → -1)
[1786183770] [props_reparse] FAILED (non-fatal): completeness check failed: 2 row(s) still carry the phantom signature — not stamping, the next boot re-runs
[1786183778] [search] init_db: PRAGMA user_version=1 (target 1) — rebuild skipped (already current)
[1786183778] [search] init_db: schema_versions.sky=10 (target 10) — sky current
[1786183778] [search] init_db: schema_versions.note_meta=1 (target 1) — MIG-003 backfill skipped (already done)
[1786183778] [search] init_db: schema_versions.dependent_tables_mig003=1 (target 1) — Step 2 backfill skipped (already done)
[1786183778] [search] init_db: schema_versions.mig003_step4=1 (target 1) — Step 4 already done
[1786183778] [search] init_db: PRAGMA optimize completed (sqlite_stat1 refreshed)
[1786183779] [reconcile] 825 orphan files (> cap 200) — skipping re-adopt (a full reindex is the right tool).
[1786183779] [reconcile] drift check: 20 changed on disk, 825 not in the index, 0 rows without a file, 10 from a linked universe (2094 files / 1891 rows seen, walk complete)
[1786192979] [search] init_db: PRAGMA user_version=1 (target 1) — rebuild skipped (already current)
[1786192979] [search] init_db: schema_versions.sky=10 (target 10) — sky current
[1786192979] [search] init_db: schema_versions.note_meta=1 (target 1) — MIG-003 backfill skipped (already done)
[1786192979] [search] init_db: schema_versions.dependent_tables_mig003=1 (target 1) — Step 2 backfill skipped (already done)
[1786192979] [search] init_db: schema_versions.mig003_step4=1 (target 1) — Step 4 already done
[1786192986] [search] init_db: PRAGMA optimize completed (sqlite_stat1 refreshed)
[1786192992] [props_reparse] FAILED (non-fatal): completeness check failed: 2 row(s) still carry the phantom signature — not stamping, the next boot re-runs
[1786192992] [federation-prewarm] E:\Constellation Universes\كون عيسى\.constellation\search.db FTS5 optimize OK in 18ms (segid -1 → -1)
[1786192992] [federation-prewarm] E:\Constellation Universes\Eisa Cognitive Knowledge\.constellation\search.db FTS5 optimize OK in 43ms (segid -1 → -1)
[1786192997] [reconcile] 830 orphan files (> cap 200) — skipping re-adopt (a full reindex is the right tool).
[1786192997] [reconcile] drift check: 22 changed on disk, 830 not in the index, 0 rows without a file, 9 from a linked universe (2100 files / 1891 rows seen, walk complete)
[1786193204] [index_note] cid DUPLICATE (both files live): 20260606T113126Z_NOTE_5C9F also claimed by E:\Constellation Universes\Eisa Universe\كون عيسى\Five Acts\Observation — Recent Captures.md — indexed E:\Constellation Universes\Eisa Universe\كون عيسى 2\Five Acts\Observation — Recent Captures.md with '' sentinel, NOT stolen
[1786193204] [index_note] cid DUPLICATE (both files live): 20260329T000000Z_NOTE_4CC5 also claimed by E:\Constellation Universes\Eisa Universe\كون عيسى\Image Preview Test.md — indexed E:\Constellation Universes\Eisa Universe\كون عيسى 2\Image Preview Test.md with '' sentinel, NOT stolen
[1786193204] [index_note] cid DUPLICATE (both files live): 20260325T000000Z_NOTE_1469 also claimed by E:\Constellation Universes\Eisa Universe\كون عيسى\تجربة 1.md — indexed E:\Constellation Universes\Eisa Universe\كون عيسى 2\تجربة 1.md with '' sentinel, NOT stolen
[1786193204] [index_note] cid DUPLICATE (both files live): 20260324T000000Z_NOTE_DD20 also claimed by E:\Constellation Universes\Eisa Universe\كون عيسى\مثال1.md — indexed E:\Constellation Universes\Eisa Universe\كون عيسى 2\مثال1.md with '' sentinel, NOT stolen
[1786193204] [index_note] cid DUPLICATE (both files live): 20260606T113126Z_NOTE_5C9F also claimed by E:\Constellation Universes\Eisa Universe\كون عيسى\Five Acts\Observation — Recent Captures.md — indexed E:\Constellation Universes\Eisa Universe\كون عيسى 3\Five Acts\Observation — Recent Captures.md with '' sentinel, NOT stolen
[1786193204] [index_note] cid DUPLICATE (both files live): 20260329T000000Z_NOTE_4CC5 also claimed by E:\Constellation Universes\Eisa Universe\كون عيسى\Image Preview Test.md — indexed E:\Constellation Universes\Eisa Universe\كون عيسى 3\Image Preview Test.md with '' sentinel, NOT stolen
[1786193204] [index_note] cid DUPLICATE (both files live): 20260325T000000Z_NOTE_1469 also claimed by E:\Constellation Universes\Eisa Universe\كون عيسى\تجربة 1.md — indexed E:\Constellation Universes\Eisa Universe\كون عيسى 3\تجربة 1.md with '' sentinel, NOT stolen
[1786193204] [index_note] cid DUPLICATE (both files live): 20260324T000000Z_NOTE_DD20 also claimed by E:\Constellation Universes\Eisa Universe\كون عيسى\مثال1.md — indexed E:\Constellation Universes\Eisa Universe\كون عيسى 3\مثال1.md with '' sentinel, NOT stolen
[1786193213] [index_note] cid DUPLICATE (both files live): 20260424T063440Z_NOTE_531D also claimed by E:\Constellation Universes\Eisa Universe\Constellation PKM\Constellation Working Docs\BUG-015-source-NOTE_EE1E-snapshot.md — indexed E:\Constellation Universes\Eisa Universe\Constellation PKM\Constellation Working Docs\BUG-015-target-NOTE_531D-corrupted-snapshot.md with '' sentinel, NOT stolen
[1786193297] [reconcile] drift check: 0 changed on disk, 0 not in the index, 0 rows without a file, 9 from a linked universe (2100 files / 2721 rows seen, walk complete)
[1786198471] [search] init_db: PRAGMA user_version=1 (target 1) — rebuild skipped (already current)
[1786198471] [search] init_db: schema_versions.sky=10 (target 10) — sky current
[1786198471] [search] init_db: schema_versions.note_meta=1 (target 1) — MIG-003 backfill skipped (already done)
[1786198472] [search] init_db: schema_versions.dependent_tables_mig003=1 (target 1) — Step 2 backfill skipped (already done)
[1786198478] [index_note] cid DUPLICATE (both files live): 20260606T113126Z_NOTE_5C9F also claimed by E:\Constellation Universes\Eisa Universe\كون عيسى\Five Acts\Observation — Recent Captures.md — indexed E:\Constellation Universes\Eisa Universe\كون عيسى 2\Five Acts\Observation — Recent Captures.md with '' sentinel, NOT stolen
[1786198478] [index_note] cid DUPLICATE (both files live): 20260606T113126Z_NOTE_5C9F also claimed by E:\Constellation Universes\Eisa Universe\كون عيسى\Five Acts\Observation — Recent Captures.md — indexed E:\Constellation Universes\Eisa Universe\كون عيسى 2\Five Acts\Observation — Recent Captures.md with '' sentinel, NOT stolen
[1786198478] [index_note] cid DUPLICATE (both files live): 20260329T000000Z_NOTE_4CC5 also claimed by E:\Constellation Universes\Eisa Universe\كون عيسى\Image Preview Test.md — indexed E:\Constellation Universes\Eisa Universe\كون عيسى 2\Image Preview Test.md with '' sentinel, NOT stolen
[1786198478] [index_note] cid DUPLICATE (both files live): 20260329T000000Z_NOTE_4CC5 also claimed by E:\Constellation Universes\Eisa Universe\كون عيسى\Image Preview Test.md — indexed E:\Constellation Universes\Eisa Universe\كون عيسى 2\Image Preview Test.md with '' sentinel, NOT stolen
[1786198478] [index_note] cid DUPLICATE (both files live): 20260325T000000Z_NOTE_1469 also claimed by E:\Constellation Universes\Eisa Universe\كون عيسى\تجربة 1.md — indexed E:\Constellation Universes\Eisa Universe\كون عيسى 2\تجربة 1.md with '' sentinel, NOT stolen
[1786198478] [index_note] cid DUPLICATE (both files live): 20260325T000000Z_NOTE_1469 also claimed by E:\Constellation Universes\Eisa Universe\كون عيسى\تجربة 1.md — indexed E:\Constellation Universes\Eisa Universe\كون عيسى 2\تجربة 1.md with '' sentinel, NOT stolen
[1786198478] [index_note] cid DUPLICATE (both files live): 20260324T000000Z_NOTE_DD20 also claimed by E:\Constellation Universes\Eisa Universe\كون عيسى\مثال1.md — indexed E:\Constellation Universes\Eisa Universe\كون عيسى 2\مثال1.md with '' sentinel, NOT stolen
[1786198478] [index_note] cid DUPLICATE (both files live): 20260324T000000Z_NOTE_DD20 also claimed by E:\Constellation Universes\Eisa Universe\كون عيسى\مثال1.md — indexed E:\Constellation Universes\Eisa Universe\كون عيسى 2\مثال1.md with '' sentinel, NOT stolen
[1786198478] [index_note] cid DUPLICATE (both files live): 20260606T113126Z_NOTE_5C9F also claimed by E:\Constellation Universes\Eisa Universe\كون عيسى\Five Acts\Observation — Recent Captures.md — indexed E:\Constellation Universes\Eisa Universe\كون عيسى 3\Five Acts\Observation — Recent Captures.md with '' sentinel, NOT stolen
[1786198478] [index_note] cid DUPLICATE (both files live): 20260606T113126Z_NOTE_5C9F also claimed by E:\Constellation Universes\Eisa Universe\كون عيسى\Five Acts\Observation — Recent Captures.md — indexed E:\Constellation Universes\Eisa Universe\كون عيسى 3\Five Acts\Observation — Recent Captures.md with '' sentinel, NOT stolen
[1786198478] [index_note] cid DUPLICATE (both files live): 20260329T000000Z_NOTE_4CC5 also claimed by E:\Constellation Universes\Eisa Universe\كون عيسى\Image Preview Test.md — indexed E:\Constellation Universes\Eisa Universe\كون عيسى 3\Image Preview Test.md with '' sentinel, NOT stolen
[1786198479] [index_note] cid DUPLICATE (both files live): 20260329T000000Z_NOTE_4CC5 also claimed by E:\Constellation Universes\Eisa Universe\كون عيسى\Image Preview Test.md — indexed E:\Constellation Universes\Eisa Universe\كون عيسى 3\Image Preview Test.md with '' sentinel, NOT stolen
[1786198479] [index_note] cid DUPLICATE (both files live): 20260325T000000Z_NOTE_1469 also claimed by E:\Constellation Universes\Eisa Universe\كون عيسى\تجربة 1.md — indexed E:\Constellation Universes\Eisa Universe\كون عيسى 3\تجربة 1.md with '' sentinel, NOT stolen
[1786198479] [index_note] cid DUPLICATE (both files live): 20260325T000000Z_NOTE_1469 also claimed by E:\Constellation Universes\Eisa Universe\كون عيسى\تجربة 1.md — indexed E:\Constellation Universes\Eisa Universe\كون عيسى 3\تجربة 1.md with '' sentinel, NOT stolen
[1786198479] [index_note] cid DUPLICATE (both files live): 20260324T000000Z_NOTE_DD20 also claimed by E:\Constellation Universes\Eisa Universe\كون عيسى\مثال1.md — indexed E:\Constellation Universes\Eisa Universe\كون عيسى 3\مثال1.md with '' sentinel, NOT stolen
[1786198479] [index_note] cid DUPLICATE (both files live): 20260324T000000Z_NOTE_DD20 also claimed by E:\Constellation Universes\Eisa Universe\كون عيسى\مثال1.md — indexed E:\Constellation Universes\Eisa Universe\كون عيسى 3\مثال1.md with '' sentinel, NOT stolen
[1786198496] [index_note] cid DUPLICATE (both files live): 20260424T063440Z_NOTE_531D also claimed by E:\Constellation Universes\Eisa Universe\Constellation PKM\Constellation Working Docs\BUG-015-source-NOTE_EE1E-snapshot.md — indexed E:\Constellation Universes\Eisa Universe\Constellation PKM\Constellation Working Docs\BUG-015-target-NOTE_531D-corrupted-snapshot.md with '' sentinel, NOT stolen
[1786198496] [index_note] cid DUPLICATE (both files live): 20260424T063440Z_NOTE_531D also claimed by E:\Constellation Universes\Eisa Universe\Constellation PKM\Constellation Working Docs\BUG-015-source-NOTE_EE1E-snapshot.md — indexed E:\Constellation Universes\Eisa Universe\Constellation PKM\Constellation Working Docs\BUG-015-target-NOTE_531D-corrupted-snapshot.md with '' sentinel, NOT stolen
[1786198522] [index_note] cid DUPLICATE (both files live): 20260807T124701Z_NOTE_5C6D also claimed by E:\Constellation Universes\Eisa Universe\Constellation PKM\Constellation Working Docs\MIG-090-Plan-Notes-Navigator.md — indexed E:\Constellation Universes\Eisa Universe\Constellation PKM\Constellation Working Docs\README.md with '' sentinel, NOT stolen
[1786198522] [index_note] cid DUPLICATE (both files live): 20260807T124701Z_NOTE_5C6D also claimed by E:\Constellation Universes\Eisa Universe\Constellation PKM\Constellation Working Docs\MIG-090-Plan-Notes-Navigator.md — indexed E:\Constellation Universes\Eisa Universe\Constellation PKM\Constellation Working Docs\README.md with '' sentinel, NOT stolen
[1786198547] [search] mig003_step3_soft_rebackfill: stale=831 templates=0 reindexed=597 injected=0 dependent_rows=2459 still_empty=234 skipped_failed=0 errors=0 — elapsed=71.5468763s
[1786198547] [search] init_db: schema_versions.mig003_step4=1 (target 1) — Step 4 already done
[1786198549] [search] init_db: PRAGMA optimize completed (sqlite_stat1 refreshed)
[1786198550] [federation-prewarm] E:\Constellation Universes\كون عيسى\.constellation\search.db FTS5 optimize OK in 10ms (segid -1 → -1)
[1786198550] [federation-prewarm] E:\Constellation Universes\Eisa Cognitive Knowledge\.constellation\search.db FTS5 optimize OK in 8ms (segid -1 → -1)
[1786198554] [reconcile] drift check: 0 changed on disk, 0 not in the index, 0 rows without a file, 9 from a linked universe (2100 files / 2721 rows seen, walk complete)
[1786198554] [props_reparse] FAILED (non-fatal): completeness check failed: 2 row(s) still carry the phantom signature — not stamping, the next boot re-runs
[1786198778] [search] init_db: PRAGMA user_version=1 (target 1) — rebuild skipped (already current)
[1786198778] [search] init_db: schema_versions.sky=10 (target 10) — sky current
[1786198778] [search] init_db: schema_versions.note_meta=1 (target 1) — MIG-003 backfill skipped (already done)
[1786198778] [search] init_db: schema_versions.dependent_tables_mig003=1 (target 1) — Step 2 backfill skipped (already done)
[1786198780] [index_note] cid DUPLICATE (both files live): 20260606T113126Z_NOTE_5C9F also claimed by E:\Constellation Universes\Eisa Universe\كون عيسى\Five Acts\Observation — Recent Captures.md — indexed E:\Constellation Universes\Eisa Universe\كون عيسى 2\Five Acts\Observation — Recent Captures.md with '' sentinel, NOT stolen
[1786198780] [index_note] cid DUPLICATE (both files live): 20260606T113126Z_NOTE_5C9F also claimed by E:\Constellation Universes\Eisa Universe\كون عيسى\Five Acts\Observation — Recent Captures.md — indexed E:\Constellation Universes\Eisa Universe\كون عيسى 2\Five Acts\Observation — Recent Captures.md with '' sentinel, NOT stolen
[1786198780] [index_note] cid DUPLICATE (both files live): 20260329T000000Z_NOTE_4CC5 also claimed by E:\Constellation Universes\Eisa Universe\كون عيسى\Image Preview Test.md — indexed E:\Constellation Universes\Eisa Universe\كون عيسى 2\Image Preview Test.md with '' sentinel, NOT stolen
[1786198780] [index_note] cid DUPLICATE (both files live): 20260329T000000Z_NOTE_4CC5 also claimed by E:\Constellation Universes\Eisa Universe\كون عيسى\Image Preview Test.md — indexed E:\Constellation Universes\Eisa Universe\كون عيسى 2\Image Preview Test.md with '' sentinel, NOT stolen
[1786198780] [index_note] cid DUPLICATE (both files live): 20260325T000000Z_NOTE_1469 also claimed by E:\Constellation Universes\Eisa Universe\كون عيسى\تجربة 1.md — indexed E:\Constellation Universes\Eisa Universe\كون عيسى 2\تجربة 1.md with '' sentinel, NOT stolen
[1786198780] [index_note] cid DUPLICATE (both files live): 20260325T000000Z_NOTE_1469 also claimed by E:\Constellation Universes\Eisa Universe\كون عيسى\تجربة 1.md — indexed E:\Constellation Universes\Eisa Universe\كون عيسى 2\تجربة 1.md with '' sentinel, NOT stolen
[1786198780] [index_note] cid DUPLICATE (both files live): 20260324T000000Z_NOTE_DD20 also claimed by E:\Constellation Universes\Eisa Universe\كون عيسى\مثال1.md — indexed E:\Constellation Universes\Eisa Universe\كون عيسى 2\مثال1.md with '' sentinel, NOT stolen
[1786198780] [index_note] cid DUPLICATE (both files live): 20260324T000000Z_NOTE_DD20 also claimed by E:\Constellation Universes\Eisa Universe\كون عيسى\مثال1.md — indexed E:\Constellation Universes\Eisa Universe\كون عيسى 2\مثال1.md with '' sentinel, NOT stolen
[1786198780] [index_note] cid DUPLICATE (both files live): 20260606T113126Z_NOTE_5C9F also claimed by E:\Constellation Universes\Eisa Universe\كون عيسى\Five Acts\Observation — Recent Captures.md — indexed E:\Constellation Universes\Eisa Universe\كون عيسى 3\Five Acts\Observation — Recent Captures.md with '' sentinel, NOT stolen
[1786198780] [index_note] cid DUPLICATE (both files live): 20260606T113126Z_NOTE_5C9F also claimed by E:\Constellation Universes\Eisa Universe\كون عيسى\Five Acts\Observation — Recent Captures.md — indexed E:\Constellation Universes\Eisa Universe\كون عيسى 3\Five Acts\Observation — Recent Captures.md with '' sentinel, NOT stolen
[1786198780] [index_note] cid DUPLICATE (both files live): 20260329T000000Z_NOTE_4CC5 also claimed by E:\Constellation Universes\Eisa Universe\كون عيسى\Image Preview Test.md — indexed E:\Constellation Universes\Eisa Universe\كون عيسى 3\Image Preview Test.md with '' sentinel, NOT stolen
[1786198780] [index_note] cid DUPLICATE (both files live): 20260329T000000Z_NOTE_4CC5 also claimed by E:\Constellation Universes\Eisa Universe\كون عيسى\Image Preview Test.md — indexed E:\Constellation Universes\Eisa Universe\كون عيسى 3\Image Preview Test.md with '' sentinel, NOT stolen
[1786198781] [index_note] cid DUPLICATE (both files live): 20260325T000000Z_NOTE_1469 also claimed by E:\Constellation Universes\Eisa Universe\كون عيسى\تجربة 1.md — indexed E:\Constellation Universes\Eisa Universe\كون عيسى 3\تجربة 1.md with '' sentinel, NOT stolen
[1786198781] [index_note] cid DUPLICATE (both files live): 20260325T000000Z_NOTE_1469 also claimed by E:\Constellation Universes\Eisa Universe\كون عيسى\تجربة 1.md — indexed E:\Constellation Universes\Eisa Universe\كون عيسى 3\تجربة 1.md with '' sentinel, NOT stolen
[1786198781] [index_note] cid DUPLICATE (both files live): 20260324T000000Z_NOTE_DD20 also claimed by E:\Constellation Universes\Eisa Universe\كون عيسى\مثال1.md — indexed E:\Constellation Universes\Eisa Universe\كون عيسى 3\مثال1.md with '' sentinel, NOT stolen
[1786198781] [index_note] cid DUPLICATE (both files live): 20260324T000000Z_NOTE_DD20 also claimed by E:\Constellation Universes\Eisa Universe\كون عيسى\مثال1.md — indexed E:\Constellation Universes\Eisa Universe\كون عيسى 3\مثال1.md with '' sentinel, NOT stolen
[1786198781] [index_note] cid DUPLICATE (both files live): 20260424T063440Z_NOTE_531D also claimed by E:\Constellation Universes\Eisa Universe\Constellation PKM\Constellation Working Docs\BUG-015-source-NOTE_EE1E-snapshot.md — indexed E:\Constellation Universes\Eisa Universe\Constellation PKM\Constellation Working Docs\BUG-015-target-NOTE_531D-corrupted-snapshot.md with '' sentinel, NOT stolen
[1786198781] [index_note] cid DUPLICATE (both files live): 20260424T063440Z_NOTE_531D also claimed by E:\Constellation Universes\Eisa Universe\Constellation PKM\Constellation Working Docs\BUG-015-source-NOTE_EE1E-snapshot.md — indexed E:\Constellation Universes\Eisa Universe\Constellation PKM\Constellation Working Docs\BUG-015-target-NOTE_531D-corrupted-snapshot.md with '' sentinel, NOT stolen
[1786198790] [index_note] cid DUPLICATE (both files live): 20260807T124701Z_NOTE_5C6D also claimed by E:\Constellation Universes\Eisa Universe\Constellation PKM\Constellation Working Docs\MIG-090-Plan-Notes-Navigator.md — indexed E:\Constellation Universes\Eisa Universe\Constellation PKM\Constellation Working Docs\README.md with '' sentinel, NOT stolen
[1786198790] [index_note] cid DUPLICATE (both files live): 20260807T124701Z_NOTE_5C6D also claimed by E:\Constellation Universes\Eisa Universe\Constellation PKM\Constellation Working Docs\MIG-090-Plan-Notes-Navigator.md — indexed E:\Constellation Universes\Eisa Universe\Constellation PKM\Constellation Working Docs\README.md with '' sentinel, NOT stolen
[1786198792] [search] mig003_step3_soft_rebackfill: stale=234 templates=0 reindexed=0 injected=0 dependent_rows=2458 still_empty=234 skipped_failed=0 errors=0 — elapsed=11.9678171s
[1786198792] [search] init_db: schema_versions.mig003_step4=1 (target 1) — Step 4 already done
[1786198792] [search] init_db: PRAGMA optimize completed (sqlite_stat1 refreshed)
[1786198793] [federation-prewarm] E:\Constellation Universes\كون عيسى\.constellation\search.db FTS5 optimize OK in 1ms (segid -1 → -1)
[1786198793] [federation-prewarm] E:\Constellation Universes\Eisa Cognitive Knowledge\.constellation\search.db FTS5 optimize OK in 24ms (segid -1 → -1)
[1786198798] [reconcile] drift check: 1 changed on disk, 0 not in the index, 0 rows without a file, 9 from a linked universe (2100 files / 2721 rows seen, walk complete)
[1786198799] [props_reparse] FAILED (non-fatal): completeness check failed: 2 row(s) still carry the phantom signature — not stamping, the next boot re-runs
[1786198984] [search] init_db: PRAGMA user_version=1 (target 1) — rebuild skipped (already current)
[1786198984] [search] init_db: schema_versions.sky=10 (target 10) — sky current
[1786198984] [search] init_db: schema_versions.note_meta=1 (target 1) — MIG-003 backfill skipped (already done)
[1786198984] [search] init_db: schema_versions.dependent_tables_mig003=1 (target 1) — Step 2 backfill skipped (already done)
[1786198986] [index_note] cid DUPLICATE (both files live): 20260606T113126Z_NOTE_5C9F also claimed by E:\Constellation Universes\Eisa Universe\كون عيسى\Five Acts\Observation — Recent Captures.md — indexed E:\Constellation Universes\Eisa Universe\كون عيسى 2\Five Acts\Observation — Recent Captures.md with '' sentinel, NOT stolen
[1786198986] [index_note] cid DUPLICATE (both files live): 20260606T113126Z_NOTE_5C9F also claimed by E:\Constellation Universes\Eisa Universe\كون عيسى\Five Acts\Observation — Recent Captures.md — indexed E:\Constellation Universes\Eisa Universe\كون عيسى 2\Five Acts\Observation — Recent Captures.md with '' sentinel, NOT stolen
[1786198986] [index_note] cid DUPLICATE (both files live): 20260329T000000Z_NOTE_4CC5 also claimed by E:\Constellation Universes\Eisa Universe\كون عيسى\Image Preview Test.md — indexed E:\Constellation Universes\Eisa Universe\كون عيسى 2\Image Preview Test.md with '' sentinel, NOT stolen
[1786198986] [index_note] cid DUPLICATE (both files live): 20260329T000000Z_NOTE_4CC5 also claimed by E:\Constellation Universes\Eisa Universe\كون عيسى\Image Preview Test.md — indexed E:\Constellation Universes\Eisa Universe\كون عيسى 2\Image Preview Test.md with '' sentinel, NOT stolen
[1786198986] [index_note] cid DUPLICATE (both files live): 20260325T000000Z_NOTE_1469 also claimed by E:\Constellation Universes\Eisa Universe\كون عيسى\تجربة 1.md — indexed E:\Constellation Universes\Eisa Universe\كون عيسى 2\تجربة 1.md with '' sentinel, NOT stolen
[1786198986] [index_note] cid DUPLICATE (both files live): 20260325T000000Z_NOTE_1469 also claimed by E:\Constellation Universes\Eisa Universe\كون عيسى\تجربة 1.md — indexed E:\Constellation Universes\Eisa Universe\كون عيسى 2\تجربة 1.md with '' sentinel, NOT stolen
[1786198986] [index_note] cid DUPLICATE (both files live): 20260324T000000Z_NOTE_DD20 also claimed by E:\Constellation Universes\Eisa Universe\كون عيسى\مثال1.md — indexed E:\Constellation Universes\Eisa Universe\كون عيسى 2\مثال1.md with '' sentinel, NOT stolen
[1786198986] [index_note] cid DUPLICATE (both files live): 20260324T000000Z_NOTE_DD20 also claimed by E:\Constellation Universes\Eisa Universe\كون عيسى\مثال1.md — indexed E:\Constellation Universes\Eisa Universe\كون عيسى 2\مثال1.md with '' sentinel, NOT stolen
[1786198986] [index_note] cid DUPLICATE (both files live): 20260606T113126Z_NOTE_5C9F also claimed by E:\Constellation Universes\Eisa Universe\كون عيسى\Five Acts\Observation — Recent Captures.md — indexed E:\Constellation Universes\Eisa Universe\كون عيسى 3\Five Acts\Observation — Recent Captures.md with '' sentinel, NOT stolen
[1786198986] [index_note] cid DUPLICATE (both files live): 20260606T113126Z_NOTE_5C9F also claimed by E:\Constellation Universes\Eisa Universe\كون عيسى\Five Acts\Observation — Recent Captures.md — indexed E:\Constellation Universes\Eisa Universe\كون عيسى 3\Five Acts\Observation — Recent Captures.md with '' sentinel, NOT stolen
[1786198986] [index_note] cid DUPLICATE (both files live): 20260329T000000Z_NOTE_4CC5 also claimed by E:\Constellation Universes\Eisa Universe\كون عيسى\Image Preview Test.md — indexed E:\Constellation Universes\Eisa Universe\كون عيسى 3\Image Preview Test.md with '' sentinel, NOT stolen
[1786198986] [index_note] cid DUPLICATE (both files live): 20260329T000000Z_NOTE_4CC5 also claimed by E:\Constellation Universes\Eisa Universe\كون عيسى\Image Preview Test.md — indexed E:\Constellation Universes\Eisa Universe\كون عيسى 3\Image Preview Test.md with '' sentinel, NOT stolen
[1786198986] [index_note] cid DUPLICATE (both files live): 20260325T000000Z_NOTE_1469 also claimed by E:\Constellation Universes\Eisa Universe\كون عيسى\تجربة 1.md — indexed E:\Constellation Universes\Eisa Universe\كون عيسى 3\تجربة 1.md with '' sentinel, NOT stolen
[1786198986] [index_note] cid DUPLICATE (both files live): 20260325T000000Z_NOTE_1469 also claimed by E:\Constellation Universes\Eisa Universe\كون عيسى\تجربة 1.md — indexed E:\Constellation Universes\Eisa Universe\كون عيسى 3\تجربة 1.md with '' sentinel, NOT stolen
[1786198986] [index_note] cid DUPLICATE (both files live): 20260324T000000Z_NOTE_DD20 also claimed by E:\Constellation Universes\Eisa Universe\كون عيسى\مثال1.md — indexed E:\Constellation Universes\Eisa Universe\كون عيسى 3\مثال1.md with '' sentinel, NOT stolen
[1786198986] [index_note] cid DUPLICATE (both files live): 20260324T000000Z_NOTE_DD20 also claimed by E:\Constellation Universes\Eisa Universe\كون عيسى\مثال1.md — indexed E:\Constellation Universes\Eisa Universe\كون عيسى 3\مثال1.md with '' sentinel, NOT stolen
[1786198986] [index_note] cid DUPLICATE (both files live): 20260424T063440Z_NOTE_531D also claimed by E:\Constellation Universes\Eisa Universe\Constellation PKM\Constellation Working Docs\BUG-015-source-NOTE_EE1E-snapshot.md — indexed E:\Constellation Universes\Eisa Universe\Constellation PKM\Constellation Working Docs\BUG-015-target-NOTE_531D-corrupted-snapshot.md with '' sentinel, NOT stolen
[1786198987] [index_note] cid DUPLICATE (both files live): 20260424T063440Z_NOTE_531D also claimed by E:\Constellation Universes\Eisa Universe\Constellation PKM\Constellation Working Docs\BUG-015-source-NOTE_EE1E-snapshot.md — indexed E:\Constellation Universes\Eisa Universe\Constellation PKM\Constellation Working Docs\BUG-015-target-NOTE_531D-corrupted-snapshot.md with '' sentinel, NOT stolen
[1786198997] [index_note] cid DUPLICATE (both files live): 20260807T124701Z_NOTE_5C6D also claimed by E:\Constellation Universes\Eisa Universe\Constellation PKM\Constellation Working Docs\MIG-090-Plan-Notes-Navigator.md — indexed E:\Constellation Universes\Eisa Universe\Constellation PKM\Constellation Working Docs\README.md with '' sentinel, NOT stolen
[1786198997] [index_note] cid DUPLICATE (both files live): 20260807T124701Z_NOTE_5C6D also claimed by E:\Constellation Universes\Eisa Universe\Constellation PKM\Constellation Working Docs\MIG-090-Plan-Notes-Navigator.md — indexed E:\Constellation Universes\Eisa Universe\Constellation PKM\Constellation Working Docs\README.md with '' sentinel, NOT stolen
[1786198998] [search] mig003_step3_soft_rebackfill: stale=234 templates=0 reindexed=0 injected=0 dependent_rows=2458 still_empty=234 skipped_failed=0 errors=0 — elapsed=12.9957186s
[1786198998] [search] init_db: schema_versions.mig003_step4=1 (target 1) — Step 4 already done
[1786198998] [search] init_db: PRAGMA optimize completed (sqlite_stat1 refreshed)
[1786198999] [federation-prewarm] E:\Constellation Universes\كون عيسى\.constellation\search.db FTS5 optimize OK in 0ms (segid -1 → -1)
[1786198999] [federation-prewarm] E:\Constellation Universes\Eisa Cognitive Knowledge\.constellation\search.db FTS5 optimize OK in 16ms (segid -1 → -1)
[1786199007] [reconcile] drift check: 1 changed on disk, 0 not in the index, 0 rows without a file, 9 from a linked universe (2100 files / 2721 rows seen, walk complete)
[1786199009] [props_reparse] FAILED (non-fatal): completeness check failed: 2 row(s) still carry the phantom signature — not stamping, the next boot re-runs
[1786199088] [reconcile] drift check: 0 changed on disk, 0 not in the index, 0 rows without a file, 9 from a linked universe (2100 files / 2721 rows seen, walk complete)
[1786251390] [search] init_db: PRAGMA user_version=1 (target 1) — rebuild skipped (already current)
[1786251390] [search] init_db: schema_versions.sky=10 (target 10) — sky current
[1786251390] [search] init_db: schema_versions.note_meta=1 (target 1) — MIG-003 backfill skipped (already done)
[1786251391] [search] init_db: schema_versions.dependent_tables_mig003=1 (target 1) — Step 2 backfill skipped (already done)
[1786251392] [index_note] cid DUPLICATE (both files live): 20260606T113126Z_NOTE_5C9F also claimed by E:\Constellation Universes\Eisa Universe\كون عيسى\Five Acts\Observation — Recent Captures.md — indexed E:\Constellation Universes\Eisa Universe\كون عيسى 2\Five Acts\Observation — Recent Captures.md with '' sentinel, NOT stolen
[1786251392] [index_note] cid DUPLICATE (both files live): 20260606T113126Z_NOTE_5C9F also claimed by E:\Constellation Universes\Eisa Universe\كون عيسى\Five Acts\Observation — Recent Captures.md — indexed E:\Constellation Universes\Eisa Universe\كون عيسى 2\Five Acts\Observation — Recent Captures.md with '' sentinel, NOT stolen
[1786251392] [index_note] cid DUPLICATE (both files live): 20260329T000000Z_NOTE_4CC5 also claimed by E:\Constellation Universes\Eisa Universe\كون عيسى\Image Preview Test.md — indexed E:\Constellation Universes\Eisa Universe\كون عيسى 2\Image Preview Test.md with '' sentinel, NOT stolen
[1786251392] [index_note] cid DUPLICATE (both files live): 20260329T000000Z_NOTE_4CC5 also claimed by E:\Constellation Universes\Eisa Universe\كون عيسى\Image Preview Test.md — indexed E:\Constellation Universes\Eisa Universe\كون عيسى 2\Image Preview Test.md with '' sentinel, NOT stolen
[1786251392] [index_note] cid DUPLICATE (both files live): 20260325T000000Z_NOTE_1469 also claimed by E:\Constellation Universes\Eisa Universe\كون عيسى\تجربة 1.md — indexed E:\Constellation Universes\Eisa Universe\كون عيسى 2\تجربة 1.md with '' sentinel, NOT stolen
[1786251392] [index_note] cid DUPLICATE (both files live): 20260325T000000Z_NOTE_1469 also claimed by E:\Constellation Universes\Eisa Universe\كون عيسى\تجربة 1.md — indexed E:\Constellation Universes\Eisa Universe\كون عيسى 2\تجربة 1.md with '' sentinel, NOT stolen
[1786251392] [index_note] cid DUPLICATE (both files live): 20260324T000000Z_NOTE_DD20 also claimed by E:\Constellation Universes\Eisa Universe\كون عيسى\مثال1.md — indexed E:\Constellation Universes\Eisa Universe\كون عيسى 2\مثال1.md with '' sentinel, NOT stolen
[1786251392] [index_note] cid DUPLICATE (both files live): 20260324T000000Z_NOTE_DD20 also claimed by E:\Constellation Universes\Eisa Universe\كون عيسى\مثال1.md — indexed E:\Constellation Universes\Eisa Universe\كون عيسى 2\مثال1.md with '' sentinel, NOT stolen
[1786251392] [index_note] cid DUPLICATE (both files live): 20260606T113126Z_NOTE_5C9F also claimed by E:\Constellation Universes\Eisa Universe\كون عيسى\Five Acts\Observation — Recent Captures.md — indexed E:\Constellation Universes\Eisa Universe\كون عيسى 3\Five Acts\Observation — Recent Captures.md with '' sentinel, NOT stolen
[1786251392] [index_note] cid DUPLICATE (both files live): 20260606T113126Z_NOTE_5C9F also claimed by E:\Constellation Universes\Eisa Universe\كون عيسى\Five Acts\Observation — Recent Captures.md — indexed E:\Constellation Universes\Eisa Universe\كون عيسى 3\Five Acts\Observation — Recent Captures.md with '' sentinel, NOT stolen
[1786251392] [index_note] cid DUPLICATE (both files live): 20260329T000000Z_NOTE_4CC5 also claimed by E:\Constellation Universes\Eisa Universe\كون عيسى\Image Preview Test.md — indexed E:\Constellation Universes\Eisa Universe\كون عيسى 3\Image Preview Test.md with '' sentinel, NOT stolen
[1786251392] [index_note] cid DUPLICATE (both files live): 20260329T000000Z_NOTE_4CC5 also claimed by E:\Constellation Universes\Eisa Universe\كون عيسى\Image Preview Test.md — indexed E:\Constellation Universes\Eisa Universe\كون عيسى 3\Image Preview Test.md with '' sentinel, NOT stolen
[1786251392] [index_note] cid DUPLICATE (both files live): 20260325T000000Z_NOTE_1469 also claimed by E:\Constellation Universes\Eisa Universe\كون عيسى\تجربة 1.md — indexed E:\Constellation Universes\Eisa Universe\كون عيسى 3\تجربة 1.md with '' sentinel, NOT stolen
[1786251392] [index_note] cid DUPLICATE (both files live): 20260325T000000Z_NOTE_1469 also claimed by E:\Constellation Universes\Eisa Universe\كون عيسى\تجربة 1.md — indexed E:\Constellation Universes\Eisa Universe\كون عيسى 3\تجربة 1.md with '' sentinel, NOT stolen
[1786251392] [index_note] cid DUPLICATE (both files live): 20260324T000000Z_NOTE_DD20 also claimed by E:\Constellation Universes\Eisa Universe\كون عيسى\مثال1.md — indexed E:\Constellation Universes\Eisa Universe\كون عيسى 3\مثال1.md with '' sentinel, NOT stolen
[1786251392] [index_note] cid DUPLICATE (both files live): 20260324T000000Z_NOTE_DD20 also claimed by E:\Constellation Universes\Eisa Universe\كون عيسى\مثال1.md — indexed E:\Constellation Universes\Eisa Universe\كون عيسى 3\مثال1.md with '' sentinel, NOT stolen
[1786251392] [index_note] cid DUPLICATE (both files live): 20260424T063440Z_NOTE_531D also claimed by E:\Constellation Universes\Eisa Universe\Constellation PKM\Constellation Working Docs\BUG-015-source-NOTE_EE1E-snapshot.md — indexed E:\Constellation Universes\Eisa Universe\Constellation PKM\Constellation Working Docs\BUG-015-target-NOTE_531D-corrupted-snapshot.md with '' sentinel, NOT stolen
[1786251392] [index_note] cid DUPLICATE (both files live): 20260424T063440Z_NOTE_531D also claimed by E:\Constellation Universes\Eisa Universe\Constellation PKM\Constellation Working Docs\BUG-015-source-NOTE_EE1E-snapshot.md — indexed E:\Constellation Universes\Eisa Universe\Constellation PKM\Constellation Working Docs\BUG-015-target-NOTE_531D-corrupted-snapshot.md with '' sentinel, NOT stolen
[1786251406] [index_note] cid DUPLICATE (both files live): 20260807T124701Z_NOTE_5C6D also claimed by E:\Constellation Universes\Eisa Universe\Constellation PKM\Constellation Working Docs\MIG-090-Plan-Notes-Navigator.md — indexed E:\Constellation Universes\Eisa Universe\Constellation PKM\Constellation Working Docs\README.md with '' sentinel, NOT stolen
[1786251406] [index_note] cid DUPLICATE (both files live): 20260807T124701Z_NOTE_5C6D also claimed by E:\Constellation Universes\Eisa Universe\Constellation PKM\Constellation Working Docs\MIG-090-Plan-Notes-Navigator.md — indexed E:\Constellation Universes\Eisa Universe\Constellation PKM\Constellation Working Docs\README.md with '' sentinel, NOT stolen
[1786251408] [search] mig003_step3_soft_rebackfill: stale=234 templates=0 reindexed=0 injected=0 dependent_rows=2458 still_empty=234 skipped_failed=0 errors=0 — elapsed=16.1374807s
[1786251408] [search] init_db: schema_versions.mig003_step4=1 (target 1) — Step 4 already done
[1786251408] [search] init_db: PRAGMA optimize completed (sqlite_stat1 refreshed)
[1786251409] [federation-prewarm] E:\Constellation Universes\كون عيسى\.constellation\search.db FTS5 optimize OK in 0ms (segid -1 → -1)
[1786251409] [federation-prewarm] E:\Constellation Universes\Eisa Cognitive Knowledge\.constellation\search.db FTS5 optimize OK in 4ms (segid -1 → -1)
[1786251416] [reconcile] drift check: 0 changed on disk, 0 not in the index, 0 rows without a file, 9 from a linked universe (2100 files / 2721 rows seen, walk complete)
[1786251417] [props_reparse] FAILED (non-fatal): completeness check failed: 2 row(s) still carry the phantom signature — not stamping, the next boot re-runs
[1786251684] [search] init_db: PRAGMA user_version=1 (target 1) — rebuild skipped (already current)
[1786251684] [search] init_db: schema_versions.sky=10 (target 10) — sky current
[1786251684] [search] init_db: schema_versions.note_meta=1 (target 1) — MIG-003 backfill skipped (already done)
[1786251684] [search] init_db: schema_versions.dependent_tables_mig003=1 (target 1) — Step 2 backfill skipped (already done)
[1786251686] [index_note] cid DUPLICATE (both files live): 20260606T113126Z_NOTE_5C9F also claimed by E:\Constellation Universes\Eisa Universe\كون عيسى\Five Acts\Observation — Recent Captures.md — indexed E:\Constellation Universes\Eisa Universe\كون عيسى 2\Five Acts\Observation — Recent Captures.md with '' sentinel, NOT stolen
[1786251686] [index_note] cid DUPLICATE (both files live): 20260606T113126Z_NOTE_5C9F also claimed by E:\Constellation Universes\Eisa Universe\كون عيسى\Five Acts\Observation — Recent Captures.md — indexed E:\Constellation Universes\Eisa Universe\كون عيسى 2\Five Acts\Observation — Recent Captures.md with '' sentinel, NOT stolen
[1786251686] [index_note] cid DUPLICATE (both files live): 20260329T000000Z_NOTE_4CC5 also claimed by E:\Constellation Universes\Eisa Universe\كون عيسى\Image Preview Test.md — indexed E:\Constellation Universes\Eisa Universe\كون عيسى 2\Image Preview Test.md with '' sentinel, NOT stolen
[1786251686] [index_note] cid DUPLICATE (both files live): 20260329T000000Z_NOTE_4CC5 also claimed by E:\Constellation Universes\Eisa Universe\كون عيسى\Image Preview Test.md — indexed E:\Constellation Universes\Eisa Universe\كون عيسى 2\Image Preview Test.md with '' sentinel, NOT stolen
[1786251686] [index_note] cid DUPLICATE (both files live): 20260325T000000Z_NOTE_1469 also claimed by E:\Constellation Universes\Eisa Universe\كون عيسى\تجربة 1.md — indexed E:\Constellation Universes\Eisa Universe\كون عيسى 2\تجربة 1.md with '' sentinel, NOT stolen
[1786251686] [index_note] cid DUPLICATE (both files live): 20260325T000000Z_NOTE_1469 also claimed by E:\Constellation Universes\Eisa Universe\كون عيسى\تجربة 1.md — indexed E:\Constellation Universes\Eisa Universe\كون عيسى 2\تجربة 1.md with '' sentinel, NOT stolen
[1786251686] [index_note] cid DUPLICATE (both files live): 20260324T000000Z_NOTE_DD20 also claimed by E:\Constellation Universes\Eisa Universe\كون عيسى\مثال1.md — indexed E:\Constellation Universes\Eisa Universe\كون عيسى 2\مثال1.md with '' sentinel, NOT stolen
[1786251686] [index_note] cid DUPLICATE (both files live): 20260324T000000Z_NOTE_DD20 also claimed by E:\Constellation Universes\Eisa Universe\كون عيسى\مثال1.md — indexed E:\Constellation Universes\Eisa Universe\كون عيسى 2\مثال1.md with '' sentinel, NOT stolen
[1786251686] [index_note] cid DUPLICATE (both files live): 20260606T113126Z_NOTE_5C9F also claimed by E:\Constellation Universes\Eisa Universe\كون عيسى\Five Acts\Observation — Recent Captures.md — indexed E:\Constellation Universes\Eisa Universe\كون عيسى 3\Five Acts\Observation — Recent Captures.md with '' sentinel, NOT stolen
[1786251686] [index_note] cid DUPLICATE (both files live): 20260606T113126Z_NOTE_5C9F also claimed by E:\Constellation Universes\Eisa Universe\كون عيسى\Five Acts\Observation — Recent Captures.md — indexed E:\Constellation Universes\Eisa Universe\كون عيسى 3\Five Acts\Observation — Recent Captures.md with '' sentinel, NOT stolen
[1786251686] [index_note] cid DUPLICATE (both files live): 20260329T000000Z_NOTE_4CC5 also claimed by E:\Constellation Universes\Eisa Universe\كون عيسى\Image Preview Test.md — indexed E:\Constellation Universes\Eisa Universe\كون عيسى 3\Image Preview Test.md with '' sentinel, NOT stolen
[1786251686] [index_note] cid DUPLICATE (both files live): 20260329T000000Z_NOTE_4CC5 also claimed by E:\Constellation Universes\Eisa Universe\كون عيسى\Image Preview Test.md — indexed E:\Constellation Universes\Eisa Universe\كون عيسى 3\Image Preview Test.md with '' sentinel, NOT stolen
[1786251686] [index_note] cid DUPLICATE (both files live): 20260325T000000Z_NOTE_1469 also claimed by E:\Constellation Universes\Eisa Universe\كون عيسى\تجربة 1.md — indexed E:\Constellation Universes\Eisa Universe\كون عيسى 3\تجربة 1.md with '' sentinel, NOT stolen
[1786251686] [index_note] cid DUPLICATE (both files live): 20260325T000000Z_NOTE_1469 also claimed by E:\Constellation Universes\Eisa Universe\كون عيسى\تجربة 1.md — indexed E:\Constellation Universes\Eisa Universe\كون عيسى 3\تجربة 1.md with '' sentinel, NOT stolen
[1786251687] [index_note] cid DUPLICATE (both files live): 20260324T000000Z_NOTE_DD20 also claimed by E:\Constellation Universes\Eisa Universe\كون عيسى\مثال1.md — indexed E:\Constellation Universes\Eisa Universe\كون عيسى 3\مثال1.md with '' sentinel, NOT stolen
[1786251687] [index_note] cid DUPLICATE (both files live): 20260324T000000Z_NOTE_DD20 also claimed by E:\Constellation Universes\Eisa Universe\كون عيسى\مثال1.md — indexed E:\Constellation Universes\Eisa Universe\كون عيسى 3\مثال1.md with '' sentinel, NOT stolen
[1786251687] [index_note] cid DUPLICATE (both files live): 20260424T063440Z_NOTE_531D also claimed by E:\Constellation Universes\Eisa Universe\Constellation PKM\Constellation Working Docs\BUG-015-source-NOTE_EE1E-snapshot.md — indexed E:\Constellation Universes\Eisa Universe\Constellation PKM\Constellation Working Docs\BUG-015-target-NOTE_531D-corrupted-snapshot.md with '' sentinel, NOT stolen
[1786251687] [index_note] cid DUPLICATE (both files live): 20260424T063440Z_NOTE_531D also claimed by E:\Constellation Universes\Eisa Universe\Constellation PKM\Constellation Working Docs\BUG-015-source-NOTE_EE1E-snapshot.md — indexed E:\Constellation Universes\Eisa Universe\Constellation PKM\Constellation Working Docs\BUG-015-target-NOTE_531D-corrupted-snapshot.md with '' sentinel, NOT stolen
[1786251695] [index_note] cid DUPLICATE (both files live): 20260807T124701Z_NOTE_5C6D also claimed by E:\Constellation Universes\Eisa Universe\Constellation PKM\Constellation Working Docs\MIG-090-Plan-Notes-Navigator.md — indexed E:\Constellation Universes\Eisa Universe\Constellation PKM\Constellation Working Docs\README.md with '' sentinel, NOT stolen
[1786251695] [index_note] cid DUPLICATE (both files live): 20260807T124701Z_NOTE_5C6D also claimed by E:\Constellation Universes\Eisa Universe\Constellation PKM\Constellation Working Docs\MIG-090-Plan-Notes-Navigator.md — indexed E:\Constellation Universes\Eisa Universe\Constellation PKM\Constellation Working Docs\README.md with '' sentinel, NOT stolen
[1786251697] [search] mig003_step3_soft_rebackfill: stale=234 templates=0 reindexed=0 injected=0 dependent_rows=2458 still_empty=234 skipped_failed=0 errors=0 — elapsed=11.2399986s
[1786251697] [search] init_db: schema_versions.mig003_step4=1 (target 1) — Step 4 already done
[1786251697] [search] init_db: PRAGMA optimize completed (sqlite_stat1 refreshed)
[1786251698] [federation-prewarm] E:\Constellation Universes\كون عيسى\.constellation\search.db FTS5 optimize OK in 7ms (segid -1 → -1)
[1786251698] [federation-prewarm] E:\Constellation Universes\Eisa Cognitive Knowledge\.constellation\search.db FTS5 optimize OK in 24ms (segid -1 → -1)
[1786251705] [reconcile] drift check: 0 changed on disk, 0 not in the index, 0 rows without a file, 9 from a linked universe (2100 files / 2721 rows seen, walk complete)
[1786251706] [props_reparse] FAILED (non-fatal): completeness check failed: 2 row(s) still carry the phantom signature — not stamping, the next boot re-runs
[1786251710] [derived-heal] converged; markers cleared
[1786251832] [search] init_db: PRAGMA user_version=1 (target 1) — rebuild skipped (already current)
[1786251832] [search] init_db: schema_versions.sky=10 (target 10) — sky current
[1786251832] [search] init_db: schema_versions.note_meta=1 (target 1) — MIG-003 backfill skipped (already done)
[1786251832] [search] init_db: schema_versions.dependent_tables_mig003=1 (target 1) — Step 2 backfill skipped (already done)
[1786251832] [index_note] cid DUPLICATE (both files live): 20260606T113126Z_NOTE_5C9F also claimed by E:\Constellation Universes\Eisa Universe\كون عيسى\Five Acts\Observation — Recent Captures.md — indexed E:\Constellation Universes\Eisa Universe\كون عيسى 2\Five Acts\Observation — Recent Captures.md with '' sentinel, NOT stolen
[1786251832] [index_note] cid DUPLICATE (both files live): 20260606T113126Z_NOTE_5C9F also claimed by E:\Constellation Universes\Eisa Universe\كون عيسى\Five Acts\Observation — Recent Captures.md — indexed E:\Constellation Universes\Eisa Universe\كون عيسى 2\Five Acts\Observation — Recent Captures.md with '' sentinel, NOT stolen
[1786251832] [index_note] cid DUPLICATE (both files live): 20260329T000000Z_NOTE_4CC5 also claimed by E:\Constellation Universes\Eisa Universe\كون عيسى\Image Preview Test.md — indexed E:\Constellation Universes\Eisa Universe\كون عيسى 2\Image Preview Test.md with '' sentinel, NOT stolen
[1786251832] [index_note] cid DUPLICATE (both files live): 20260329T000000Z_NOTE_4CC5 also claimed by E:\Constellation Universes\Eisa Universe\كون عيسى\Image Preview Test.md — indexed E:\Constellation Universes\Eisa Universe\كون عيسى 2\Image Preview Test.md with '' sentinel, NOT stolen
[1786251832] [index_note] cid DUPLICATE (both files live): 20260325T000000Z_NOTE_1469 also claimed by E:\Constellation Universes\Eisa Universe\كون عيسى\تجربة 1.md — indexed E:\Constellation Universes\Eisa Universe\كون عيسى 2\تجربة 1.md with '' sentinel, NOT stolen
[1786251832] [index_note] cid DUPLICATE (both files live): 20260325T000000Z_NOTE_1469 also claimed by E:\Constellation Universes\Eisa Universe\كون عيسى\تجربة 1.md — indexed E:\Constellation Universes\Eisa Universe\كون عيسى 2\تجربة 1.md with '' sentinel, NOT stolen
[1786251832] [index_note] cid DUPLICATE (both files live): 20260324T000000Z_NOTE_DD20 also claimed by E:\Constellation Universes\Eisa Universe\كون عيسى\مثال1.md — indexed E:\Constellation Universes\Eisa Universe\كون عيسى 2\مثال1.md with '' sentinel, NOT stolen
[1786251832] [index_note] cid DUPLICATE (both files live): 20260324T000000Z_NOTE_DD20 also claimed by E:\Constellation Universes\Eisa Universe\كون عيسى\مثال1.md — indexed E:\Constellation Universes\Eisa Universe\كون عيسى 2\مثال1.md with '' sentinel, NOT stolen
[1786251832] [index_note] cid DUPLICATE (both files live): 20260606T113126Z_NOTE_5C9F also claimed by E:\Constellation Universes\Eisa Universe\كون عيسى\Five Acts\Observation — Recent Captures.md — indexed E:\Constellation Universes\Eisa Universe\كون عيسى 3\Five Acts\Observation — Recent Captures.md with '' sentinel, NOT stolen
[1786251832] [index_note] cid DUPLICATE (both files live): 20260606T113126Z_NOTE_5C9F also claimed by E:\Constellation Universes\Eisa Universe\كون عيسى\Five Acts\Observation — Recent Captures.md — indexed E:\Constellation Universes\Eisa Universe\كون عيسى 3\Five Acts\Observation — Recent Captures.md with '' sentinel, NOT stolen
[1786251832] [index_note] cid DUPLICATE (both files live): 20260329T000000Z_NOTE_4CC5 also claimed by E:\Constellation Universes\Eisa Universe\كون عيسى\Image Preview Test.md — indexed E:\Constellation Universes\Eisa Universe\كون عيسى 3\Image Preview Test.md with '' sentinel, NOT stolen
[1786251832] [index_note] cid DUPLICATE (both files live): 20260329T000000Z_NOTE_4CC5 also claimed by E:\Constellation Universes\Eisa Universe\كون عيسى\Image Preview Test.md — indexed E:\Constellation Universes\Eisa Universe\كون عيسى 3\Image Preview Test.md with '' sentinel, NOT stolen
[1786251832] [index_note] cid DUPLICATE (both files live): 20260325T000000Z_NOTE_1469 also claimed by E:\Constellation Universes\Eisa Universe\كون عيسى\تجربة 1.md — indexed E:\Constellation Universes\Eisa Universe\كون عيسى 3\تجربة 1.md with '' sentinel, NOT stolen
[1786251832] [index_note] cid DUPLICATE (both files live): 20260325T000000Z_NOTE_1469 also claimed by E:\Constellation Universes\Eisa Universe\كون عيسى\تجربة 1.md — indexed E:\Constellation Universes\Eisa Universe\كون عيسى 3\تجربة 1.md with '' sentinel, NOT stolen
[1786251832] [index_note] cid DUPLICATE (both files live): 20260324T000000Z_NOTE_DD20 also claimed by E:\Constellation Universes\Eisa Universe\كون عيسى\مثال1.md — indexed E:\Constellation Universes\Eisa Universe\كون عيسى 3\مثال1.md with '' sentinel, NOT stolen
[1786251832] [index_note] cid DUPLICATE (both files live): 20260324T000000Z_NOTE_DD20 also claimed by E:\Constellation Universes\Eisa Universe\كون عيسى\مثال1.md — indexed E:\Constellation Universes\Eisa Universe\كون عيسى 3\مثال1.md with '' sentinel, NOT stolen
[1786251833] [index_note] cid DUPLICATE (both files live): 20260424T063440Z_NOTE_531D also claimed by E:\Constellation Universes\Eisa Universe\Constellation PKM\Constellation Working Docs\BUG-015-source-NOTE_EE1E-snapshot.md — indexed E:\Constellation Universes\Eisa Universe\Constellation PKM\Constellation Working Docs\BUG-015-target-NOTE_531D-corrupted-snapshot.md with '' sentinel, NOT stolen
[1786251833] [index_note] cid DUPLICATE (both files live): 20260424T063440Z_NOTE_531D also claimed by E:\Constellation Universes\Eisa Universe\Constellation PKM\Constellation Working Docs\BUG-015-source-NOTE_EE1E-snapshot.md — indexed E:\Constellation Universes\Eisa Universe\Constellation PKM\Constellation Working Docs\BUG-015-target-NOTE_531D-corrupted-snapshot.md with '' sentinel, NOT stolen
[1786251842] [index_note] cid DUPLICATE (both files live): 20260807T124701Z_NOTE_5C6D also claimed by E:\Constellation Universes\Eisa Universe\Constellation PKM\Constellation Working Docs\MIG-090-Plan-Notes-Navigator.md — indexed E:\Constellation Universes\Eisa Universe\Constellation PKM\Constellation Working Docs\README.md with '' sentinel, NOT stolen
[1786251842] [index_note] cid DUPLICATE (both files live): 20260807T124701Z_NOTE_5C6D also claimed by E:\Constellation Universes\Eisa Universe\Constellation PKM\Constellation Working Docs\MIG-090-Plan-Notes-Navigator.md — indexed E:\Constellation Universes\Eisa Universe\Constellation PKM\Constellation Working Docs\README.md with '' sentinel, NOT stolen
[1786251843] [search] mig003_step3_soft_rebackfill: stale=234 templates=0 reindexed=0 injected=0 dependent_rows=2458 still_empty=234 skipped_failed=0 errors=0 — elapsed=11.4737818s
[1786251843] [search] init_db: schema_versions.mig003_step4=1 (target 1) — Step 4 already done
[1786251843] [search] init_db: PRAGMA optimize completed (sqlite_stat1 refreshed)
[1786251844] [federation-prewarm] E:\Constellation Universes\كون عيسى\.constellation\search.db FTS5 optimize OK in 0ms (segid -1 → -1)
[1786251844] [federation-prewarm] E:\Constellation Universes\Eisa Cognitive Knowledge\.constellation\search.db FTS5 optimize OK in 0ms (segid -1 → -1)
[1786251850] [reconcile] drift check: 0 changed on disk, 0 not in the index, 0 rows without a file, 9 from a linked universe (2100 files / 2721 rows seen, walk complete)
[1786279498] [search] init_db: PRAGMA user_version=1 (target 1) — rebuild skipped (already current)
[1786279498] [search] init_db: schema_versions.sky=10 (target 10) — sky current
[1786279498] [search] init_db: schema_versions.note_meta=1 (target 1) — MIG-003 Step 1 already done
[1786279498] [search] init_db: schema_versions.dependent_tables_mig003=1 (target 1) — Step 2 already done
[1786279501] [index_note] cid DUPLICATE (both files live): 20260606T113126Z_NOTE_5C9F also claimed by E:\Constellation Universes\Eisa Universe\كون عيسى\Five Acts\Observation — Recent Captures.md — indexed E:\Constellation Universes\Eisa Universe\كون عيسى 2\Five Acts\Observation — Recent Captures.md with '' sentinel, NOT stolen
[1786279501] [index_note] cid DUPLICATE (both files live): 20260606T113126Z_NOTE_5C9F also claimed by E:\Constellation Universes\Eisa Universe\كون عيسى\Five Acts\Observation — Recent Captures.md — indexed E:\Constellation Universes\Eisa Universe\كون عيسى 2\Five Acts\Observation — Recent Captures.md with '' sentinel, NOT stolen
[1786279501] [index_note] cid DUPLICATE (both files live): 20260329T000000Z_NOTE_4CC5 also claimed by E:\Constellation Universes\Eisa Universe\كون عيسى\Image Preview Test.md — indexed E:\Constellation Universes\Eisa Universe\كون عيسى 2\Image Preview Test.md with '' sentinel, NOT stolen
[1786279501] [index_note] cid DUPLICATE (both files live): 20260329T000000Z_NOTE_4CC5 also claimed by E:\Constellation Universes\Eisa Universe\كون عيسى\Image Preview Test.md — indexed E:\Constellation Universes\Eisa Universe\كون عيسى 2\Image Preview Test.md with '' sentinel, NOT stolen
[1786279501] [index_note] cid DUPLICATE (both files live): 20260325T000000Z_NOTE_1469 also claimed by E:\Constellation Universes\Eisa Universe\كون عيسى\تجربة 1.md — indexed E:\Constellation Universes\Eisa Universe\كون عيسى 2\تجربة 1.md with '' sentinel, NOT stolen
[1786279501] [index_note] cid DUPLICATE (both files live): 20260325T000000Z_NOTE_1469 also claimed by E:\Constellation Universes\Eisa Universe\كون عيسى\تجربة 1.md — indexed E:\Constellation Universes\Eisa Universe\كون عيسى 2\تجربة 1.md with '' sentinel, NOT stolen
[1786279502] [index_note] cid DUPLICATE (both files live): 20260324T000000Z_NOTE_DD20 also claimed by E:\Constellation Universes\Eisa Universe\كون عيسى\مثال1.md — indexed E:\Constellation Universes\Eisa Universe\كون عيسى 2\مثال1.md with '' sentinel, NOT stolen
[1786279502] [index_note] cid DUPLICATE (both files live): 20260324T000000Z_NOTE_DD20 also claimed by E:\Constellation Universes\Eisa Universe\كون عيسى\مثال1.md — indexed E:\Constellation Universes\Eisa Universe\كون عيسى 2\مثال1.md with '' sentinel, NOT stolen
[1786279502] [index_note] cid DUPLICATE (both files live): 20260606T113126Z_NOTE_5C9F also claimed by E:\Constellation Universes\Eisa Universe\كون عيسى\Five Acts\Observation — Recent Captures.md — indexed E:\Constellation Universes\Eisa Universe\كون عيسى 3\Five Acts\Observation — Recent Captures.md with '' sentinel, NOT stolen
[1786279502] [index_note] cid DUPLICATE (both files live): 20260606T113126Z_NOTE_5C9F also claimed by E:\Constellation Universes\Eisa Universe\كون عيسى\Five Acts\Observation — Recent Captures.md — indexed E:\Constellation Universes\Eisa Universe\كون عيسى 3\Five Acts\Observation — Recent Captures.md with '' sentinel, NOT stolen
[1786279502] [index_note] cid DUPLICATE (both files live): 20260329T000000Z_NOTE_4CC5 also claimed by E:\Constellation Universes\Eisa Universe\كون عيسى\Image Preview Test.md — indexed E:\Constellation Universes\Eisa Universe\كون عيسى 3\Image Preview Test.md with '' sentinel, NOT stolen
[1786279502] [index_note] cid DUPLICATE (both files live): 20260329T000000Z_NOTE_4CC5 also claimed by E:\Constellation Universes\Eisa Universe\كون عيسى\Image Preview Test.md — indexed E:\Constellation Universes\Eisa Universe\كون عيسى 3\Image Preview Test.md with '' sentinel, NOT stolen
[1786279502] [index_note] cid DUPLICATE (both files live): 20260325T000000Z_NOTE_1469 also claimed by E:\Constellation Universes\Eisa Universe\كون عيسى\تجربة 1.md — indexed E:\Constellation Universes\Eisa Universe\كون عيسى 3\تجربة 1.md with '' sentinel, NOT stolen
[1786279502] [index_note] cid DUPLICATE (both files live): 20260325T000000Z_NOTE_1469 also claimed by E:\Constellation Universes\Eisa Universe\كون عيسى\تجربة 1.md — indexed E:\Constellation Universes\Eisa Universe\كون عيسى 3\تجربة 1.md with '' sentinel, NOT stolen
[1786279502] [index_note] cid DUPLICATE (both files live): 20260324T000000Z_NOTE_DD20 also claimed by E:\Constellation Universes\Eisa Universe\كون عيسى\مثال1.md — indexed E:\Constellation Universes\Eisa Universe\كون عيسى 3\مثال1.md with '' sentinel, NOT stolen
[1786279502] [index_note] cid DUPLICATE (both files live): 20260324T000000Z_NOTE_DD20 also claimed by E:\Constellation Universes\Eisa Universe\كون عيسى\مثال1.md — indexed E:\Constellation Universes\Eisa Universe\كون عيسى 3\مثال1.md with '' sentinel, NOT stolen
[1786279502] [index_note] cid DUPLICATE (both files live): 20260424T063440Z_NOTE_531D also claimed by E:\Constellation Universes\Eisa Universe\Constellation PKM\Constellation Working Docs\BUG-015-source-NOTE_EE1E-snapshot.md — indexed E:\Constellation Universes\Eisa Universe\Constellation PKM\Constellation Working Docs\BUG-015-target-NOTE_531D-corrupted-snapshot.md with '' sentinel, NOT stolen
[1786279502] [index_note] cid DUPLICATE (both files live): 20260424T063440Z_NOTE_531D also claimed by E:\Constellation Universes\Eisa Universe\Constellation PKM\Constellation Working Docs\BUG-015-source-NOTE_EE1E-snapshot.md — indexed E:\Constellation Universes\Eisa Universe\Constellation PKM\Constellation Working Docs\BUG-015-target-NOTE_531D-corrupted-snapshot.md with '' sentinel, NOT stolen
[1786279522] [index_note] cid DUPLICATE (both files live): 20260807T124701Z_NOTE_5C6D also claimed by E:\Constellation Universes\Eisa Universe\Constellation PKM\Constellation Working Docs\MIG-090-Plan-Notes-Navigator.md — indexed E:\Constellation Universes\Eisa Universe\Constellation PKM\Constellation Working Docs\README.md with '' sentinel, NOT stolen
[1786279522] [index_note] cid DUPLICATE (both files live): 20260807T124701Z_NOTE_5C6D also claimed by E:\Constellation Universes\Eisa Universe\Constellation PKM\Constellation Working Docs\MIG-090-Plan-Notes-Navigator.md — indexed E:\Constellation Universes\Eisa Universe\Constellation PKM\Constellation Working Docs\README.md with '' sentinel, NOT stolen
[1786279524] [search] mig003_step3_soft_rebackfill: stale=234 templates=0 reindexed=0 injected=0 dependent_rows=2458 still_empty=234 skipped_failed=0 errors=0 — elapsed=23.5269493s
[1786279524] [search] init_db: schema_versions.mig003_step4=1 (target 1) — Step 4 already done
[1786279524] [search] init_db: PRAGMA optimize completed (sqlite_stat1 refreshed)
[1786279525] [federation-prewarm] E:\Constellation Universes\كون عيسى\.constellation\search.db FTS5 optimize OK in 0ms (segid -1 → -1)
[1786279525] [federation-prewarm] E:\Constellation Universes\Eisa Cognitive Knowledge\.constellation\search.db FTS5 optimize OK in 13ms (segid -1 → -1)
[1786279534] [reconcile] drift check: 0 changed on disk, 0 not in the index, 0 rows without a file, 9 from a linked universe (2100 files / 2721 rows seen, walk complete)
[1786279535] [props_reparse] FAILED (non-fatal): completeness check failed: 2 row(s) still carry the phantom signature — not stamping, the next boot re-runs
[1786279743] [index_note] cid DUPLICATE (both files live): 20260606T113126Z_NOTE_5C9F also claimed by E:\Constellation Universes\Eisa Universe\كون عيسى\Five Acts\Observation — Recent Captures.md — indexed E:\Constellation Universes\Eisa Universe\كون عيسى 2\Five Acts\Observation — Recent Captures.md with '' sentinel, NOT stolen
[1786279743] [index_note] cid DUPLICATE (both files live): 20260329T000000Z_NOTE_4CC5 also claimed by E:\Constellation Universes\Eisa Universe\كون عيسى\Image Preview Test.md — indexed E:\Constellation Universes\Eisa Universe\كون عيسى 2\Image Preview Test.md with '' sentinel, NOT stolen
[1786279743] [index_note] cid DUPLICATE (both files live): 20260325T000000Z_NOTE_1469 also claimed by E:\Constellation Universes\Eisa Universe\كون عيسى\تجربة 1.md — indexed E:\Constellation Universes\Eisa Universe\كون عيسى 2\تجربة 1.md with '' sentinel, NOT stolen
[1786279743] [index_note] cid DUPLICATE (both files live): 20260324T000000Z_NOTE_DD20 also claimed by E:\Constellation Universes\Eisa Universe\كون عيسى\مثال1.md — indexed E:\Constellation Universes\Eisa Universe\كون عيسى 2\مثال1.md with '' sentinel, NOT stolen
[1786279743] [index_note] cid DUPLICATE (both files live): 20260606T113126Z_NOTE_5C9F also claimed by E:\Constellation Universes\Eisa Universe\كون عيسى\Five Acts\Observation — Recent Captures.md — indexed E:\Constellation Universes\Eisa Universe\كون عيسى 3\Five Acts\Observation — Recent Captures.md with '' sentinel, NOT stolen
[1786279743] [index_note] cid DUPLICATE (both files live): 20260329T000000Z_NOTE_4CC5 also claimed by E:\Constellation Universes\Eisa Universe\كون عيسى\Image Preview Test.md — indexed E:\Constellation Universes\Eisa Universe\كون عيسى 3\Image Preview Test.md with '' sentinel, NOT stolen
[1786279743] [index_note] cid DUPLICATE (both files live): 20260325T000000Z_NOTE_1469 also claimed by E:\Constellation Universes\Eisa Universe\كون عيسى\تجربة 1.md — indexed E:\Constellation Universes\Eisa Universe\كون عيسى 3\تجربة 1.md with '' sentinel, NOT stolen
[1786279743] [index_note] cid DUPLICATE (both files live): 20260324T000000Z_NOTE_DD20 also claimed by E:\Constellation Universes\Eisa Universe\كون عيسى\مثال1.md — indexed E:\Constellation Universes\Eisa Universe\كون عيسى 3\مثال1.md with '' sentinel, NOT stolen
[1786279791] [search] init_db: PRAGMA user_version=1 (target 1) — rebuild skipped (already current)
[1786279791] [search] init_db: schema_versions.sky=10 (target 10) — sky current
[1786279791] [search] init_db: schema_versions.note_meta=1 (target 1) — MIG-003 Step 1 already done
[1786279792] [search] init_db: schema_versions.dependent_tables_mig003=1 (target 1) — Step 2 already done
[1786279792] [index_note] cid DUPLICATE (both files live): 20260606T113126Z_NOTE_5C9F also claimed by E:\Constellation Universes\Eisa Universe\كون عيسى\Five Acts\Observation — Recent Captures.md — indexed E:\Constellation Universes\Eisa Universe\كون عيسى 2\Five Acts\Observation — Recent Captures.md with '' sentinel, NOT stolen
[1786279792] [index_note] cid DUPLICATE (both files live): 20260606T113126Z_NOTE_5C9F also claimed by E:\Constellation Universes\Eisa Universe\كون عيسى\Five Acts\Observation — Recent Captures.md — indexed E:\Constellation Universes\Eisa Universe\كون عيسى 2\Five Acts\Observation — Recent Captures.md with '' sentinel, NOT stolen
[1786279792] [index_note] cid DUPLICATE (both files live): 20260329T000000Z_NOTE_4CC5 also claimed by E:\Constellation Universes\Eisa Universe\كون عيسى\Image Preview Test.md — indexed E:\Constellation Universes\Eisa Universe\كون عيسى 2\Image Preview Test.md with '' sentinel, NOT stolen
[1786279792] [index_note] cid DUPLICATE (both files live): 20260329T000000Z_NOTE_4CC5 also claimed by E:\Constellation Universes\Eisa Universe\كون عيسى\Image Preview Test.md — indexed E:\Constellation Universes\Eisa Universe\كون عيسى 2\Image Preview Test.md with '' sentinel, NOT stolen
[1786279792] [index_note] cid DUPLICATE (both files live): 20260325T000000Z_NOTE_1469 also claimed by E:\Constellation Universes\Eisa Universe\كون عيسى\تجربة 1.md — indexed E:\Constellation Universes\Eisa Universe\كون عيسى 2\تجربة 1.md with '' sentinel, NOT stolen
[1786279792] [index_note] cid DUPLICATE (both files live): 20260325T000000Z_NOTE_1469 also claimed by E:\Constellation Universes\Eisa Universe\كون عيسى\تجربة 1.md — indexed E:\Constellation Universes\Eisa Universe\كون عيسى 2\تجربة 1.md with '' sentinel, NOT stolen
[1786279792] [index_note] cid DUPLICATE (both files live): 20260324T000000Z_NOTE_DD20 also claimed by E:\Constellation Universes\Eisa Universe\كون عيسى\مثال1.md — indexed E:\Constellation Universes\Eisa Universe\كون عيسى 2\مثال1.md with '' sentinel, NOT stolen
[1786279792] [index_note] cid DUPLICATE (both files live): 20260324T000000Z_NOTE_DD20 also claimed by E:\Constellation Universes\Eisa Universe\كون عيسى\مثال1.md — indexed E:\Constellation Universes\Eisa Universe\كون عيسى 2\مثال1.md with '' sentinel, NOT stolen
[1786279792] [index_note] cid DUPLICATE (both files live): 20260606T113126Z_NOTE_5C9F also claimed by E:\Constellation Universes\Eisa Universe\كون عيسى\Five Acts\Observation — Recent Captures.md — indexed E:\Constellation Universes\Eisa Universe\كون عيسى 3\Five Acts\Observation — Recent Captures.md with '' sentinel, NOT stolen
[1786279792] [index_note] cid DUPLICATE (both files live): 20260606T113126Z_NOTE_5C9F also claimed by E:\Constellation Universes\Eisa Universe\كون عيسى\Five Acts\Observation — Recent Captures.md — indexed E:\Constellation Universes\Eisa Universe\كون عيسى 3\Five Acts\Observation — Recent Captures.md with '' sentinel, NOT stolen
[1786279792] [index_note] cid DUPLICATE (both files live): 20260329T000000Z_NOTE_4CC5 also claimed by E:\Constellation Universes\Eisa Universe\كون عيسى\Image Preview Test.md — indexed E:\Constellation Universes\Eisa Universe\كون عيسى 3\Image Preview Test.md with '' sentinel, NOT stolen
[1786279792] [index_note] cid DUPLICATE (both files live): 20260329T000000Z_NOTE_4CC5 also claimed by E:\Constellation Universes\Eisa Universe\كون عيسى\Image Preview Test.md — indexed E:\Constellation Universes\Eisa Universe\كون عيسى 3\Image Preview Test.md with '' sentinel, NOT stolen
[1786279792] [index_note] cid DUPLICATE (both files live): 20260325T000000Z_NOTE_1469 also claimed by E:\Constellation Universes\Eisa Universe\كون عيسى\تجربة 1.md — indexed E:\Constellation Universes\Eisa Universe\كون عيسى 3\تجربة 1.md with '' sentinel, NOT stolen
[1786279792] [index_note] cid DUPLICATE (both files live): 20260325T000000Z_NOTE_1469 also claimed by E:\Constellation Universes\Eisa Universe\كون عيسى\تجربة 1.md — indexed E:\Constellation Universes\Eisa Universe\كون عيسى 3\تجربة 1.md with '' sentinel, NOT stolen
[1786279792] [index_note] cid DUPLICATE (both files live): 20260324T000000Z_NOTE_DD20 also claimed by E:\Constellation Universes\Eisa Universe\كون عيسى\مثال1.md — indexed E:\Constellation Universes\Eisa Universe\كون عيسى 3\مثال1.md with '' sentinel, NOT stolen
[1786279792] [index_note] cid DUPLICATE (both files live): 20260324T000000Z_NOTE_DD20 also claimed by E:\Constellation Universes\Eisa Universe\كون عيسى\مثال1.md — indexed E:\Constellation Universes\Eisa Universe\كون عيسى 3\مثال1.md with '' sentinel, NOT stolen
[1786279792] [index_note] cid DUPLICATE (both files live): 20260424T063440Z_NOTE_531D also claimed by E:\Constellation Universes\Eisa Universe\Constellation PKM\Constellation Working Docs\BUG-015-source-NOTE_EE1E-snapshot.md — indexed E:\Constellation Universes\Eisa Universe\Constellation PKM\Constellation Working Docs\BUG-015-target-NOTE_531D-corrupted-snapshot.md with '' sentinel, NOT stolen
[1786279792] [index_note] cid DUPLICATE (both files live): 20260424T063440Z_NOTE_531D also claimed by E:\Constellation Universes\Eisa Universe\Constellation PKM\Constellation Working Docs\BUG-015-source-NOTE_EE1E-snapshot.md — indexed E:\Constellation Universes\Eisa Universe\Constellation PKM\Constellation Working Docs\BUG-015-target-NOTE_531D-corrupted-snapshot.md with '' sentinel, NOT stolen
[1786279800] [index_note] cid DUPLICATE (both files live): 20260807T124701Z_NOTE_5C6D also claimed by E:\Constellation Universes\Eisa Universe\Constellation PKM\Constellation Working Docs\MIG-090-Plan-Notes-Navigator.md — indexed E:\Constellation Universes\Eisa Universe\Constellation PKM\Constellation Working Docs\README.md with '' sentinel, NOT stolen
[1786279800] [index_note] cid DUPLICATE (both files live): 20260807T124701Z_NOTE_5C6D also claimed by E:\Constellation Universes\Eisa Universe\Constellation PKM\Constellation Working Docs\MIG-090-Plan-Notes-Navigator.md — indexed E:\Constellation Universes\Eisa Universe\Constellation PKM\Constellation Working Docs\README.md with '' sentinel, NOT stolen
[1786279802] [search] mig003_step3_soft_rebackfill: stale=234 templates=0 reindexed=0 injected=0 dependent_rows=2458 still_empty=234 skipped_failed=0 errors=0 — elapsed=10.6730115s
[1786279803] [search] init_db: schema_versions.mig003_step4=1 (target 1) — Step 4 already done
[1786279803] [search] init_db: PRAGMA optimize completed (sqlite_stat1 refreshed)
[1786279804] [federation-prewarm] E:\Constellation Universes\كون عيسى\.constellation\search.db FTS5 optimize OK in 0ms (segid -1 → -1)
[1786279804] [federation-prewarm] E:\Constellation Universes\Eisa Cognitive Knowledge\.constellation\search.db FTS5 optimize OK in 38ms (segid -1 → -1)
[1786279812] [reconcile] drift check: 0 changed on disk, 0 not in the index, 0 rows without a file, 9 from a linked universe (2100 files / 2721 rows seen, walk complete)
[1786279812] [props_reparse] FAILED (non-fatal): completeness check failed: 2 row(s) still carry the phantom signature — not stamping, the next boot re-runs
[1786279816] [derived-heal] converged; markers cleared
[1786338390] [search] init_db: PRAGMA user_version=1 (target 1) — rebuild skipped (already current)
[1786338390] [search] init_db: schema_versions.sky=10 (target 10) — sky current
[1786338390] [search] init_db: schema_versions.note_meta=1 (target 1) — MIG-003 Step 1 already done
[1786338390] [search] init_db: schema_versions.dependent_tables_mig003=1 (target 1) — Step 2 already done
[1786338404] [index_note] cid DUPLICATE (both files live): 20260606T113126Z_NOTE_5C9F also claimed by E:\Constellation Universes\Eisa Universe\كون عيسى\Five Acts\Observation — Recent Captures.md — indexed E:\Constellation Universes\Eisa Universe\كون عيسى 2\Five Acts\Observation — Recent Captures.md with '' sentinel, NOT stolen
[1786338404] [index_note] cid DUPLICATE (both files live): 20260606T113126Z_NOTE_5C9F also claimed by E:\Constellation Universes\Eisa Universe\كون عيسى\Five Acts\Observation — Recent Captures.md — indexed E:\Constellation Universes\Eisa Universe\كون عيسى 2\Five Acts\Observation — Recent Captures.md with '' sentinel, NOT stolen
[1786338404] [index_note] cid DUPLICATE (both files live): 20260329T000000Z_NOTE_4CC5 also claimed by E:\Constellation Universes\Eisa Universe\كون عيسى\Image Preview Test.md — indexed E:\Constellation Universes\Eisa Universe\كون عيسى 2\Image Preview Test.md with '' sentinel, NOT stolen
[1786338404] [index_note] cid DUPLICATE (both files live): 20260329T000000Z_NOTE_4CC5 also claimed by E:\Constellation Universes\Eisa Universe\كون عيسى\Image Preview Test.md — indexed E:\Constellation Universes\Eisa Universe\كون عيسى 2\Image Preview Test.md with '' sentinel, NOT stolen
[1786338404] [index_note] cid DUPLICATE (both files live): 20260325T000000Z_NOTE_1469 also claimed by E:\Constellation Universes\Eisa Universe\كون عيسى\تجربة 1.md — indexed E:\Constellation Universes\Eisa Universe\كون عيسى 2\تجربة 1.md with '' sentinel, NOT stolen
[1786338404] [index_note] cid DUPLICATE (both files live): 20260325T000000Z_NOTE_1469 also claimed by E:\Constellation Universes\Eisa Universe\كون عيسى\تجربة 1.md — indexed E:\Constellation Universes\Eisa Universe\كون عيسى 2\تجربة 1.md with '' sentinel, NOT stolen
[1786338404] [index_note] cid DUPLICATE (both files live): 20260324T000000Z_NOTE_DD20 also claimed by E:\Constellation Universes\Eisa Universe\كون عيسى\مثال1.md — indexed E:\Constellation Universes\Eisa Universe\كون عيسى 2\مثال1.md with '' sentinel, NOT stolen
[1786338404] [index_note] cid DUPLICATE (both files live): 20260324T000000Z_NOTE_DD20 also claimed by E:\Constellation Universes\Eisa Universe\كون عيسى\مثال1.md — indexed E:\Constellation Universes\Eisa Universe\كون عيسى 2\مثال1.md with '' sentinel, NOT stolen
[1786338404] [index_note] cid DUPLICATE (both files live): 20260606T113126Z_NOTE_5C9F also claimed by E:\Constellation Universes\Eisa Universe\كون عيسى\Five Acts\Observation — Recent Captures.md — indexed E:\Constellation Universes\Eisa Universe\كون عيسى 3\Five Acts\Observation — Recent Captures.md with '' sentinel, NOT stolen
[1786338404] [index_note] cid DUPLICATE (both files live): 20260606T113126Z_NOTE_5C9F also claimed by E:\Constellation Universes\Eisa Universe\كون عيسى\Five Acts\Observation — Recent Captures.md — indexed E:\Constellation Universes\Eisa Universe\كون عيسى 3\Five Acts\Observation — Recent Captures.md with '' sentinel, NOT stolen
[1786338404] [index_note] cid DUPLICATE (both files live): 20260329T000000Z_NOTE_4CC5 also claimed by E:\Constellation Universes\Eisa Universe\كون عيسى\Image Preview Test.md — indexed E:\Constellation Universes\Eisa Universe\كون عيسى 3\Image Preview Test.md with '' sentinel, NOT stolen
[1786338404] [index_note] cid DUPLICATE (both files live): 20260329T000000Z_NOTE_4CC5 also claimed by E:\Constellation Universes\Eisa Universe\كون عيسى\Image Preview Test.md — indexed E:\Constellation Universes\Eisa Universe\كون عيسى 3\Image Preview Test.md with '' sentinel, NOT stolen
[1786338404] [index_note] cid DUPLICATE (both files live): 20260325T000000Z_NOTE_1469 also claimed by E:\Constellation Universes\Eisa Universe\كون عيسى\تجربة 1.md — indexed E:\Constellation Universes\Eisa Universe\كون عيسى 3\تجربة 1.md with '' sentinel, NOT stolen
[1786338404] [index_note] cid DUPLICATE (both files live): 20260325T000000Z_NOTE_1469 also claimed by E:\Constellation Universes\Eisa Universe\كون عيسى\تجربة 1.md — indexed E:\Constellation Universes\Eisa Universe\كون عيسى 3\تجربة 1.md with '' sentinel, NOT stolen
[1786338404] [index_note] cid DUPLICATE (both files live): 20260324T000000Z_NOTE_DD20 also claimed by E:\Constellation Universes\Eisa Universe\كون عيسى\مثال1.md — indexed E:\Constellation Universes\Eisa Universe\كون عيسى 3\مثال1.md with '' sentinel, NOT stolen
[1786338404] [index_note] cid DUPLICATE (both files live): 20260324T000000Z_NOTE_DD20 also claimed by E:\Constellation Universes\Eisa Universe\كون عيسى\مثال1.md — indexed E:\Constellation Universes\Eisa Universe\كون عيسى 3\مثال1.md with '' sentinel, NOT stolen
[1786338404] [index_note] cid DUPLICATE (both files live): 20260424T063440Z_NOTE_531D also claimed by E:\Constellation Universes\Eisa Universe\Constellation PKM\Constellation Working Docs\BUG-015-source-NOTE_EE1E-snapshot.md — indexed E:\Constellation Universes\Eisa Universe\Constellation PKM\Constellation Working Docs\BUG-015-target-NOTE_531D-corrupted-snapshot.md with '' sentinel, NOT stolen
[1786338405] [index_note] cid DUPLICATE (both files live): 20260424T063440Z_NOTE_531D also claimed by E:\Constellation Universes\Eisa Universe\Constellation PKM\Constellation Working Docs\BUG-015-source-NOTE_EE1E-snapshot.md — indexed E:\Constellation Universes\Eisa Universe\Constellation PKM\Constellation Working Docs\BUG-015-target-NOTE_531D-corrupted-snapshot.md with '' sentinel, NOT stolen
[1786338415] [index_note] cid DUPLICATE (both files live): 20260807T124701Z_NOTE_5C6D also claimed by E:\Constellation Universes\Eisa Universe\Constellation PKM\Constellation Working Docs\MIG-090-Plan-Notes-Navigator.md — indexed E:\Constellation Universes\Eisa Universe\Constellation PKM\Constellation Working Docs\README.md with '' sentinel, NOT stolen
[1786338415] [index_note] cid DUPLICATE (both files live): 20260807T124701Z_NOTE_5C6D also claimed by E:\Constellation Universes\Eisa Universe\Constellation PKM\Constellation Working Docs\MIG-090-Plan-Notes-Navigator.md — indexed E:\Constellation Universes\Eisa Universe\Constellation PKM\Constellation Working Docs\README.md with '' sentinel, NOT stolen
[1786338415] [search] mig003_step3_soft_rebackfill: stale=234 templates=0 reindexed=0 injected=0 dependent_rows=2689 still_empty=234 skipped_failed=0 errors=0 — elapsed=13.5416168s
[1786338415] [search] init_db: schema_versions.mig003_step4=1 (target 1) — Step 4 already done
[1786338415] [search] init_db: PRAGMA optimize completed (sqlite_stat1 refreshed)
[1786338417] [federation-prewarm] E:\Constellation Universes\كون عيسى\.constellation\search.db FTS5 optimize OK in 0ms (segid -1 → -1)
[1786338417] [federation-prewarm] E:\Constellation Universes\Eisa Cognitive Knowledge\.constellation\search.db FTS5 optimize OK in 7ms (segid -1 → -1)
[1786338424] [reconcile] drift check: 0 changed on disk, 0 not in the index, 0 rows without a file, 9 from a linked universe (2100 files / 2721 rows seen, walk complete)
[1786338425] [props_reparse] FAILED (non-fatal): completeness check failed: 2 row(s) still carry the phantom signature — not stamping, the next boot re-runs
[1786338815] [rename-tail] scheduling tail old=E:\Constellation Universes\Eisa Universe\Constellation PKM\Zarquon.md new=E:\Constellation Universes\Eisa Universe\Constellation PKM\Zarquon Renamed.md
[1786338815] [rename-tail] START old=E:\Constellation Universes\Eisa Universe\Constellation PKM\Zarquon.md new=E:\Constellation Universes\Eisa Universe\Constellation PKM\Zarquon Renamed.md title 'Zarquon'->'Zarquon Renamed'
[1786338816] [rename-tail] reindex OK for E:\Constellation Universes\Eisa Universe\Constellation PKM\Zarquon Renamed.md (lib Constellation PKM)
[1786338816] [rename-tail] END
[1786338829] [cascade-reindex] START 1 note(s): E:\Constellation Universes\Eisa Universe\Constellation PKM\Blorptide.md
[1786338829] [cascade-reindex] END ok=1 failed=0 of 1
[1786339138] [rename-folder-tail] START old=E:\Constellation Universes\Eisa Universe\Constellation PKM\Blorptide Folder new=E:\Constellation Universes\Eisa Universe\Constellation PKM\Blorptide Archive descendants=0
[1786339138] [rename-folder-tail] END descendants=0 failed=0 skipped=0
[1786339404] [rename-tail] scheduling tail old=E:\Constellation Universes\Eisa Universe\Constellation PKM\Vantrel.md new=E:\Constellation Universes\Eisa Universe\Constellation PKM\Vantrel Verified.md
[1786339404] [rename-tail] START old=E:\Constellation Universes\Eisa Universe\Constellation PKM\Vantrel.md new=E:\Constellation Universes\Eisa Universe\Constellation PKM\Vantrel Verified.md title 'Vantrel'->'Vantrel Verified'
[1786339404] [rename-tail] reindex OK for E:\Constellation Universes\Eisa Universe\Constellation PKM\Vantrel Verified.md (lib Constellation PKM)
[1786339404] [rename-tail] END
[1786339417] [cascade-reindex] START 1 note(s): E:\Constellation Universes\Eisa Universe\تخطيط الدولة\Quazira.md
[1786339417] [cascade-reindex] END ok=1 failed=0 of 1
[1786341111] [search] init_db: PRAGMA user_version=1 (target 1) — rebuild skipped (already current)
[1786341111] [search] init_db: schema_versions.sky=10 (target 10) — sky current
[1786341111] [search] init_db: schema_versions.note_meta=1 (target 1) — MIG-003 Step 1 already done
[1786341111] [search] init_db: schema_versions.dependent_tables_mig003=1 (target 1) — Step 2 already done
[1786341114] [index_note] cid DUPLICATE (both files live): 20260606T113126Z_NOTE_5C9F also claimed by E:\Constellation Universes\Eisa Universe\كون عيسى\Five Acts\Observation — Recent Captures.md — indexed E:\Constellation Universes\Eisa Universe\كون عيسى 2\Five Acts\Observation — Recent Captures.md with '' sentinel, NOT stolen
[1786341114] [index_note] cid DUPLICATE (both files live): 20260606T113126Z_NOTE_5C9F also claimed by E:\Constellation Universes\Eisa Universe\كون عيسى\Five Acts\Observation — Recent Captures.md — indexed E:\Constellation Universes\Eisa Universe\كون عيسى 2\Five Acts\Observation — Recent Captures.md with '' sentinel, NOT stolen
[1786341114] [index_note] cid DUPLICATE (both files live): 20260329T000000Z_NOTE_4CC5 also claimed by E:\Constellation Universes\Eisa Universe\كون عيسى\Image Preview Test.md — indexed E:\Constellation Universes\Eisa Universe\كون عيسى 2\Image Preview Test.md with '' sentinel, NOT stolen
[1786341114] [index_note] cid DUPLICATE (both files live): 20260329T000000Z_NOTE_4CC5 also claimed by E:\Constellation Universes\Eisa Universe\كون عيسى\Image Preview Test.md — indexed E:\Constellation Universes\Eisa Universe\كون عيسى 2\Image Preview Test.md with '' sentinel, NOT stolen
[1786341114] [index_note] cid DUPLICATE (both files live): 20260325T000000Z_NOTE_1469 also claimed by E:\Constellation Universes\Eisa Universe\كون عيسى\تجربة 1.md — indexed E:\Constellation Universes\Eisa Universe\كون عيسى 2\تجربة 1.md with '' sentinel, NOT stolen
[1786341114] [index_note] cid DUPLICATE (both files live): 20260325T000000Z_NOTE_1469 also claimed by E:\Constellation Universes\Eisa Universe\كون عيسى\تجربة 1.md — indexed E:\Constellation Universes\Eisa Universe\كون عيسى 2\تجربة 1.md with '' sentinel, NOT stolen
[1786341114] [index_note] cid DUPLICATE (both files live): 20260324T000000Z_NOTE_DD20 also claimed by E:\Constellation Universes\Eisa Universe\كون عيسى\مثال1.md — indexed E:\Constellation Universes\Eisa Universe\كون عيسى 2\مثال1.md with '' sentinel, NOT stolen
[1786341114] [index_note] cid DUPLICATE (both files live): 20260324T000000Z_NOTE_DD20 also claimed by E:\Constellation Universes\Eisa Universe\كون عيسى\مثال1.md — indexed E:\Constellation Universes\Eisa Universe\كون عيسى 2\مثال1.md with '' sentinel, NOT stolen
[1786341114] [index_note] cid DUPLICATE (both files live): 20260606T113126Z_NOTE_5C9F also claimed by E:\Constellation Universes\Eisa Universe\كون عيسى\Five Acts\Observation — Recent Captures.md — indexed E:\Constellation Universes\Eisa Universe\كون عيسى 3\Five Acts\Observation — Recent Captures.md with '' sentinel, NOT stolen
[1786341114] [index_note] cid DUPLICATE (both files live): 20260606T113126Z_NOTE_5C9F also claimed by E:\Constellation Universes\Eisa Universe\كون عيسى\Five Acts\Observation — Recent Captures.md — indexed E:\Constellation Universes\Eisa Universe\كون عيسى 3\Five Acts\Observation — Recent Captures.md with '' sentinel, NOT stolen
[1786341114] [index_note] cid DUPLICATE (both files live): 20260329T000000Z_NOTE_4CC5 also claimed by E:\Constellation Universes\Eisa Universe\كون عيسى\Image Preview Test.md — indexed E:\Constellation Universes\Eisa Universe\كون عيسى 3\Image Preview Test.md with '' sentinel, NOT stolen
[1786341114] [index_note] cid DUPLICATE (both files live): 20260329T000000Z_NOTE_4CC5 also claimed by E:\Constellation Universes\Eisa Universe\كون عيسى\Image Preview Test.md — indexed E:\Constellation Universes\Eisa Universe\كون عيسى 3\Image Preview Test.md with '' sentinel, NOT stolen
[1786341114] [index_note] cid DUPLICATE (both files live): 20260325T000000Z_NOTE_1469 also claimed by E:\Constellation Universes\Eisa Universe\كون عيسى\تجربة 1.md — indexed E:\Constellation Universes\Eisa Universe\كون عيسى 3\تجربة 1.md with '' sentinel, NOT stolen
[1786341114] [index_note] cid DUPLICATE (both files live): 20260325T000000Z_NOTE_1469 also claimed by E:\Constellation Universes\Eisa Universe\كون عيسى\تجربة 1.md — indexed E:\Constellation Universes\Eisa Universe\كون عيسى 3\تجربة 1.md with '' sentinel, NOT stolen
[1786341114] [index_note] cid DUPLICATE (both files live): 20260324T000000Z_NOTE_DD20 also claimed by E:\Constellation Universes\Eisa Universe\كون عيسى\مثال1.md — indexed E:\Constellation Universes\Eisa Universe\كون عيسى 3\مثال1.md with '' sentinel, NOT stolen
[1786341114] [index_note] cid DUPLICATE (both files live): 20260324T000000Z_NOTE_DD20 also claimed by E:\Constellation Universes\Eisa Universe\كون عيسى\مثال1.md — indexed E:\Constellation Universes\Eisa Universe\كون عيسى 3\مثال1.md with '' sentinel, NOT stolen
[1786341114] [index_note] cid DUPLICATE (both files live): 20260424T063440Z_NOTE_531D also claimed by E:\Constellation Universes\Eisa Universe\Constellation PKM\Constellation Working Docs\BUG-015-source-NOTE_EE1E-snapshot.md — indexed E:\Constellation Universes\Eisa Universe\Constellation PKM\Constellation Working Docs\BUG-015-target-NOTE_531D-corrupted-snapshot.md with '' sentinel, NOT stolen
[1786341114] [index_note] cid DUPLICATE (both files live): 20260424T063440Z_NOTE_531D also claimed by E:\Constellation Universes\Eisa Universe\Constellation PKM\Constellation Working Docs\BUG-015-source-NOTE_EE1E-snapshot.md — indexed E:\Constellation Universes\Eisa Universe\Constellation PKM\Constellation Working Docs\BUG-015-target-NOTE_531D-corrupted-snapshot.md with '' sentinel, NOT stolen
[1786341132] [index_note] cid DUPLICATE (both files live): 20260807T124701Z_NOTE_5C6D also claimed by E:\Constellation Universes\Eisa Universe\Constellation PKM\Constellation Working Docs\MIG-090-Plan-Notes-Navigator.md — indexed E:\Constellation Universes\Eisa Universe\Constellation PKM\Constellation Working Docs\README.md with '' sentinel, NOT stolen
[1786341132] [index_note] cid DUPLICATE (both files live): 20260807T124701Z_NOTE_5C6D also claimed by E:\Constellation Universes\Eisa Universe\Constellation PKM\Constellation Working Docs\MIG-090-Plan-Notes-Navigator.md — indexed E:\Constellation Universes\Eisa Universe\Constellation PKM\Constellation Working Docs\README.md with '' sentinel, NOT stolen
[1786341134] [search] mig003_step3_soft_rebackfill: stale=234 templates=0 reindexed=0 injected=0 dependent_rows=2689 still_empty=234 skipped_failed=0 errors=0 — elapsed=20.6396365s
[1786341134] [search] init_db: schema_versions.mig003_step4=1 (target 1) — Step 4 already done
[1786341134] [search] init_db: PRAGMA optimize completed (sqlite_stat1 refreshed)
[1786341135] [federation-prewarm] E:\Constellation Universes\كون عيسى\.constellation\search.db FTS5 optimize OK in 10ms (segid -1 → -1)
[1786341135] [federation-prewarm] E:\Constellation Universes\Eisa Cognitive Knowledge\.constellation\search.db FTS5 optimize OK in 18ms (segid -1 → -1)
[1786341142] [reconcile] healed index drift: 0 relocated + 1 re-adopted (by cid_cn), 0 removed (note truly gone)
[1786341142] [reconcile] drift check: 0 changed on disk, 0 not in the index, 0 rows without a file, 9 from a linked universe (2105 files / 2725 rows seen, walk complete)
[1786341144] [props_reparse] FAILED (non-fatal): completeness check failed: 2 row(s) still carry the phantom signature — not stamping, the next boot re-runs
[1786341180] [rename-tail] scheduling tail old=E:\Constellation Universes\Eisa Universe\Constellation PKM\Note test.md new=E:\Constellation Universes\Eisa Universe\Constellation PKM\Note test v2.md
[1786341180] [rename-tail] START old=E:\Constellation Universes\Eisa Universe\Constellation PKM\Note test.md new=E:\Constellation Universes\Eisa Universe\Constellation PKM\Note test v2.md title 'Note test'->'Note test v2'
[1786341180] [rename-tail] reindex OK for E:\Constellation Universes\Eisa Universe\Constellation PKM\Note test v2.md (lib Constellation PKM)
[1786341180] [rename-tail] END
[1786343985] [search] init_db: PRAGMA user_version=1 (target 1) — rebuild skipped (already current)
[1786343985] [search] init_db: schema_versions.sky=10 (target 10) — sky current
[1786343985] [search] init_db: schema_versions.note_meta=1 (target 1) — MIG-003 Step 1 already done
[1786343985] [search] init_db: schema_versions.dependent_tables_mig003=1 (target 1) — Step 2 already done
[1786343988] [index_note] cid DUPLICATE (both files live): 20260606T113126Z_NOTE_5C9F also claimed by E:\Constellation Universes\Eisa Universe\كون عيسى\Five Acts\Observation — Recent Captures.md — indexed E:\Constellation Universes\Eisa Universe\كون عيسى 2\Five Acts\Observation — Recent Captures.md with '' sentinel, NOT stolen
[1786343989] [index_note] cid DUPLICATE (both files live): 20260606T113126Z_NOTE_5C9F also claimed by E:\Constellation Universes\Eisa Universe\كون عيسى\Five Acts\Observation — Recent Captures.md — indexed E:\Constellation Universes\Eisa Universe\كون عيسى 2\Five Acts\Observation — Recent Captures.md with '' sentinel, NOT stolen
[1786343989] [index_note] cid DUPLICATE (both files live): 20260329T000000Z_NOTE_4CC5 also claimed by E:\Constellation Universes\Eisa Universe\كون عيسى\Image Preview Test.md — indexed E:\Constellation Universes\Eisa Universe\كون عيسى 2\Image Preview Test.md with '' sentinel, NOT stolen
[1786343989] [index_note] cid DUPLICATE (both files live): 20260329T000000Z_NOTE_4CC5 also claimed by E:\Constellation Universes\Eisa Universe\كون عيسى\Image Preview Test.md — indexed E:\Constellation Universes\Eisa Universe\كون عيسى 2\Image Preview Test.md with '' sentinel, NOT stolen
[1786343989] [index_note] cid DUPLICATE (both files live): 20260325T000000Z_NOTE_1469 also claimed by E:\Constellation Universes\Eisa Universe\كون عيسى\تجربة 1.md — indexed E:\Constellation Universes\Eisa Universe\كون عيسى 2\تجربة 1.md with '' sentinel, NOT stolen
[1786343989] [index_note] cid DUPLICATE (both files live): 20260325T000000Z_NOTE_1469 also claimed by E:\Constellation Universes\Eisa Universe\كون عيسى\تجربة 1.md — indexed E:\Constellation Universes\Eisa Universe\كون عيسى 2\تجربة 1.md with '' sentinel, NOT stolen
[1786343989] [index_note] cid DUPLICATE (both files live): 20260324T000000Z_NOTE_DD20 also claimed by E:\Constellation Universes\Eisa Universe\كون عيسى\مثال1.md — indexed E:\Constellation Universes\Eisa Universe\كون عيسى 2\مثال1.md with '' sentinel, NOT stolen
[1786343989] [index_note] cid DUPLICATE (both files live): 20260324T000000Z_NOTE_DD20 also claimed by E:\Constellation Universes\Eisa Universe\كون عيسى\مثال1.md — indexed E:\Constellation Universes\Eisa Universe\كون عيسى 2\مثال1.md with '' sentinel, NOT stolen
[1786343989] [index_note] cid DUPLICATE (both files live): 20260606T113126Z_NOTE_5C9F also claimed by E:\Constellation Universes\Eisa Universe\كون عيسى\Five Acts\Observation — Recent Captures.md — indexed E:\Constellation Universes\Eisa Universe\كون عيسى 3\Five Acts\Observation — Recent Captures.md with '' sentinel, NOT stolen
[1786343989] [index_note] cid DUPLICATE (both files live): 20260606T113126Z_NOTE_5C9F also claimed by E:\Constellation Universes\Eisa Universe\كون عيسى\Five Acts\Observation — Recent Captures.md — indexed E:\Constellation Universes\Eisa Universe\كون عيسى 3\Five Acts\Observation — Recent Captures.md with '' sentinel, NOT stolen
[1786343989] [index_note] cid DUPLICATE (both files live): 20260329T000000Z_NOTE_4CC5 also claimed by E:\Constellation Universes\Eisa Universe\كون عيسى\Image Preview Test.md — indexed E:\Constellation Universes\Eisa Universe\كون عيسى 3\Image Preview Test.md with '' sentinel, NOT stolen
[1786343989] [index_note] cid DUPLICATE (both files live): 20260329T000000Z_NOTE_4CC5 also claimed by E:\Constellation Universes\Eisa Universe\كون عيسى\Image Preview Test.md — indexed E:\Constellation Universes\Eisa Universe\كون عيسى 3\Image Preview Test.md with '' sentinel, NOT stolen
[1786343989] [index_note] cid DUPLICATE (both files live): 20260325T000000Z_NOTE_1469 also claimed by E:\Constellation Universes\Eisa Universe\كون عيسى\تجربة 1.md — indexed E:\Constellation Universes\Eisa Universe\كون عيسى 3\تجربة 1.md with '' sentinel, NOT stolen
[1786343989] [index_note] cid DUPLICATE (both files live): 20260325T000000Z_NOTE_1469 also claimed by E:\Constellation Universes\Eisa Universe\كون عيسى\تجربة 1.md — indexed E:\Constellation Universes\Eisa Universe\كون عيسى 3\تجربة 1.md with '' sentinel, NOT stolen
[1786343989] [index_note] cid DUPLICATE (both files live): 20260324T000000Z_NOTE_DD20 also claimed by E:\Constellation Universes\Eisa Universe\كون عيسى\مثال1.md — indexed E:\Constellation Universes\Eisa Universe\كون عيسى 3\مثال1.md with '' sentinel, NOT stolen
[1786343989] [index_note] cid DUPLICATE (both files live): 20260324T000000Z_NOTE_DD20 also claimed by E:\Constellation Universes\Eisa Universe\كون عيسى\مثال1.md — indexed E:\Constellation Universes\Eisa Universe\كون عيسى 3\مثال1.md with '' sentinel, NOT stolen
[1786343989] [index_note] cid DUPLICATE (both files live): 20260424T063440Z_NOTE_531D also claimed by E:\Constellation Universes\Eisa Universe\Constellation PKM\Constellation Working Docs\BUG-015-source-NOTE_EE1E-snapshot.md — indexed E:\Constellation Universes\Eisa Universe\Constellation PKM\Constellation Working Docs\BUG-015-target-NOTE_531D-corrupted-snapshot.md with '' sentinel, NOT stolen
[1786343989] [index_note] cid DUPLICATE (both files live): 20260424T063440Z_NOTE_531D also claimed by E:\Constellation Universes\Eisa Universe\Constellation PKM\Constellation Working Docs\BUG-015-source-NOTE_EE1E-snapshot.md — indexed E:\Constellation Universes\Eisa Universe\Constellation PKM\Constellation Working Docs\BUG-015-target-NOTE_531D-corrupted-snapshot.md with '' sentinel, NOT stolen
[1786344002] [index_note] cid DUPLICATE (both files live): 20260807T124701Z_NOTE_5C6D also claimed by E:\Constellation Universes\Eisa Universe\Constellation PKM\Constellation Working Docs\MIG-090-Plan-Notes-Navigator.md — indexed E:\Constellation Universes\Eisa Universe\Constellation PKM\Constellation Working Docs\README.md with '' sentinel, NOT stolen
[1786344002] [index_note] cid DUPLICATE (both files live): 20260807T124701Z_NOTE_5C6D also claimed by E:\Constellation Universes\Eisa Universe\Constellation PKM\Constellation Working Docs\MIG-090-Plan-Notes-Navigator.md — indexed E:\Constellation Universes\Eisa Universe\Constellation PKM\Constellation Working Docs\README.md with '' sentinel, NOT stolen
[1786344003] [search] mig003_step3_soft_rebackfill: stale=234 templates=0 reindexed=0 injected=0 dependent_rows=2689 still_empty=234 skipped_failed=0 errors=0 — elapsed=15.6992558s
[1786344003] [search] init_db: schema_versions.mig003_step4=1 (target 1) — Step 4 already done
[1786344003] [search] init_db: PRAGMA optimize completed (sqlite_stat1 refreshed)
[1786344004] [federation-prewarm] E:\Constellation Universes\كون عيسى\.constellation\search.db FTS5 optimize OK in 3ms (segid -1 → -1)
[1786344004] [federation-prewarm] E:\Constellation Universes\Eisa Cognitive Knowledge\.constellation\search.db FTS5 optimize OK in 24ms (segid -1 → -1)
[1786344010] [reconcile] drift check: 0 changed on disk, 0 not in the index, 0 rows without a file, 9 from a linked universe (2105 files / 2726 rows seen, walk complete)
[1786344014] [props_reparse] FAILED (non-fatal): completeness check failed: 2 row(s) still carry the phantom signature — not stamping, the next boot re-runs
[1786344060] [rename-tail] scheduling tail old=E:\Constellation Universes\Eisa Universe\Constellation PKM\Rab3na.md new=E:\Constellation Universes\Eisa Universe\Constellation PKM\Rab3na v2.md
[1786344060] [rename-tail] START old=E:\Constellation Universes\Eisa Universe\Constellation PKM\Rab3na.md new=E:\Constellation Universes\Eisa Universe\Constellation PKM\Rab3na v2.md title 'Rab3na'->'Rab3na v2'
[1786344060] [rename-tail] reindex OK for E:\Constellation Universes\Eisa Universe\Constellation PKM\Rab3na v2.md (lib Constellation PKM)
[1786344060] [rename-tail] END
[1786344140] [rename-tail] scheduling tail old=E:\Constellation Universes\Eisa Universe\Constellation PKM\9angoor.md new=E:\Constellation Universes\Eisa Universe\Constellation PKM\9angoor v2.md
[1786344140] [rename-tail] START old=E:\Constellation Universes\Eisa Universe\Constellation PKM\9angoor.md new=E:\Constellation Universes\Eisa Universe\Constellation PKM\9angoor v2.md title '9angoor'->'9angoor v2'
[1786344140] [rename-tail] reindex OK for E:\Constellation Universes\Eisa Universe\Constellation PKM\9angoor v2.md (lib Constellation PKM)
[1786344140] [rename-tail] END
[1786345531] [search] init_db: PRAGMA user_version=1 (target 1) — rebuild skipped (already current)
[1786345531] [search] init_db: schema_versions.sky=10 (target 10) — sky current
[1786345531] [search] init_db: schema_versions.note_meta=1 (target 1) — MIG-003 Step 1 already done
[1786345531] [search] init_db: schema_versions.dependent_tables_mig003=1 (target 1) — Step 2 already done
[1786345534] [index_note] cid DUPLICATE (both files live): 20260606T113126Z_NOTE_5C9F also claimed by E:\Constellation Universes\Eisa Universe\كون عيسى\Five Acts\Observation — Recent Captures.md — indexed E:\Constellation Universes\Eisa Universe\كون عيسى 2\Five Acts\Observation — Recent Captures.md with '' sentinel, NOT stolen
[1786345534] [index_note] cid DUPLICATE (both files live): 20260606T113126Z_NOTE_5C9F also claimed by E:\Constellation Universes\Eisa Universe\كون عيسى\Five Acts\Observation — Recent Captures.md — indexed E:\Constellation Universes\Eisa Universe\كون عيسى 2\Five Acts\Observation — Recent Captures.md with '' sentinel, NOT stolen
[1786345534] [index_note] cid DUPLICATE (both files live): 20260329T000000Z_NOTE_4CC5 also claimed by E:\Constellation Universes\Eisa Universe\كون عيسى\Image Preview Test.md — indexed E:\Constellation Universes\Eisa Universe\كون عيسى 2\Image Preview Test.md with '' sentinel, NOT stolen
[1786345534] [index_note] cid DUPLICATE (both files live): 20260329T000000Z_NOTE_4CC5 also claimed by E:\Constellation Universes\Eisa Universe\كون عيسى\Image Preview Test.md — indexed E:\Constellation Universes\Eisa Universe\كون عيسى 2\Image Preview Test.md with '' sentinel, NOT stolen
[1786345534] [index_note] cid DUPLICATE (both files live): 20260325T000000Z_NOTE_1469 also claimed by E:\Constellation Universes\Eisa Universe\كون عيسى\تجربة 1.md — indexed E:\Constellation Universes\Eisa Universe\كون عيسى 2\تجربة 1.md with '' sentinel, NOT stolen
[1786345534] [index_note] cid DUPLICATE (both files live): 20260325T000000Z_NOTE_1469 also claimed by E:\Constellation Universes\Eisa Universe\كون عيسى\تجربة 1.md — indexed E:\Constellation Universes\Eisa Universe\كون عيسى 2\تجربة 1.md with '' sentinel, NOT stolen
[1786345534] [index_note] cid DUPLICATE (both files live): 20260324T000000Z_NOTE_DD20 also claimed by E:\Constellation Universes\Eisa Universe\كون عيسى\مثال1.md — indexed E:\Constellation Universes\Eisa Universe\كون عيسى 2\مثال1.md with '' sentinel, NOT stolen
[1786345534] [index_note] cid DUPLICATE (both files live): 20260324T000000Z_NOTE_DD20 also claimed by E:\Constellation Universes\Eisa Universe\كون عيسى\مثال1.md — indexed E:\Constellation Universes\Eisa Universe\كون عيسى 2\مثال1.md with '' sentinel, NOT stolen
[1786345534] [index_note] cid DUPLICATE (both files live): 20260606T113126Z_NOTE_5C9F also claimed by E:\Constellation Universes\Eisa Universe\كون عيسى\Five Acts\Observation — Recent Captures.md — indexed E:\Constellation Universes\Eisa Universe\كون عيسى 3\Five Acts\Observation — Recent Captures.md with '' sentinel, NOT stolen
[1786345534] [index_note] cid DUPLICATE (both files live): 20260606T113126Z_NOTE_5C9F also claimed by E:\Constellation Universes\Eisa Universe\كون عيسى\Five Acts\Observation — Recent Captures.md — indexed E:\Constellation Universes\Eisa Universe\كون عيسى 3\Five Acts\Observation — Recent Captures.md with '' sentinel, NOT stolen
[1786345534] [index_note] cid DUPLICATE (both files live): 20260329T000000Z_NOTE_4CC5 also claimed by E:\Constellation Universes\Eisa Universe\كون عيسى\Image Preview Test.md — indexed E:\Constellation Universes\Eisa Universe\كون عيسى 3\Image Preview Test.md with '' sentinel, NOT stolen
[1786345534] [index_note] cid DUPLICATE (both files live): 20260329T000000Z_NOTE_4CC5 also claimed by E:\Constellation Universes\Eisa Universe\كون عيسى\Image Preview Test.md — indexed E:\Constellation Universes\Eisa Universe\كون عيسى 3\Image Preview Test.md with '' sentinel, NOT stolen
[1786345534] [index_note] cid DUPLICATE (both files live): 20260325T000000Z_NOTE_1469 also claimed by E:\Constellation Universes\Eisa Universe\كون عيسى\تجربة 1.md — indexed E:\Constellation Universes\Eisa Universe\كون عيسى 3\تجربة 1.md with '' sentinel, NOT stolen
[1786345534] [index_note] cid DUPLICATE (both files live): 20260325T000000Z_NOTE_1469 also claimed by E:\Constellation Universes\Eisa Universe\كون عيسى\تجربة 1.md — indexed E:\Constellation Universes\Eisa Universe\كون عيسى 3\تجربة 1.md with '' sentinel, NOT stolen
[1786345534] [index_note] cid DUPLICATE (both files live): 20260324T000000Z_NOTE_DD20 also claimed by E:\Constellation Universes\Eisa Universe\كون عيسى\مثال1.md — indexed E:\Constellation Universes\Eisa Universe\كون عيسى 3\مثال1.md with '' sentinel, NOT stolen
[1786345534] [index_note] cid DUPLICATE (both files live): 20260324T000000Z_NOTE_DD20 also claimed by E:\Constellation Universes\Eisa Universe\كون عيسى\مثال1.md — indexed E:\Constellation Universes\Eisa Universe\كون عيسى 3\مثال1.md with '' sentinel, NOT stolen
[1786345534] [index_note] cid DUPLICATE (both files live): 20260424T063440Z_NOTE_531D also claimed by E:\Constellation Universes\Eisa Universe\Constellation PKM\Constellation Working Docs\BUG-015-source-NOTE_EE1E-snapshot.md — indexed E:\Constellation Universes\Eisa Universe\Constellation PKM\Constellation Working Docs\BUG-015-target-NOTE_531D-corrupted-snapshot.md with '' sentinel, NOT stolen
[1786345534] [index_note] cid DUPLICATE (both files live): 20260424T063440Z_NOTE_531D also claimed by E:\Constellation Universes\Eisa Universe\Constellation PKM\Constellation Working Docs\BUG-015-source-NOTE_EE1E-snapshot.md — indexed E:\Constellation Universes\Eisa Universe\Constellation PKM\Constellation Working Docs\BUG-015-target-NOTE_531D-corrupted-snapshot.md with '' sentinel, NOT stolen
[1786345547] [index_note] cid DUPLICATE (both files live): 20260807T124701Z_NOTE_5C6D also claimed by E:\Constellation Universes\Eisa Universe\Constellation PKM\Constellation Working Docs\MIG-090-Plan-Notes-Navigator.md — indexed E:\Constellation Universes\Eisa Universe\Constellation PKM\Constellation Working Docs\README.md with '' sentinel, NOT stolen
[1786345547] [index_note] cid DUPLICATE (both files live): 20260807T124701Z_NOTE_5C6D also claimed by E:\Constellation Universes\Eisa Universe\Constellation PKM\Constellation Working Docs\MIG-090-Plan-Notes-Navigator.md — indexed E:\Constellation Universes\Eisa Universe\Constellation PKM\Constellation Working Docs\README.md with '' sentinel, NOT stolen
[1786345548] [search] mig003_step3_soft_rebackfill: stale=234 templates=0 reindexed=0 injected=0 dependent_rows=2689 still_empty=234 skipped_failed=0 errors=0 — elapsed=15.0022992s
[1786345548] [search] init_db: schema_versions.mig003_step4=1 (target 1) — Step 4 already done
[1786345548] [search] init_db: PRAGMA optimize completed (sqlite_stat1 refreshed)
[1786345549] [federation-prewarm] E:\Constellation Universes\كون عيسى\.constellation\search.db FTS5 optimize OK in 39ms (segid -1 → -1)
[1786345549] [federation-prewarm] E:\Constellation Universes\Eisa Cognitive Knowledge\.constellation\search.db FTS5 optimize OK in 26ms (segid -1 → -1)
[1786345555] [reconcile] drift check: 0 changed on disk, 0 not in the index, 0 rows without a file, 9 from a linked universe (2107 files / 2728 rows seen, walk complete)
[1786345556] [props_reparse] FAILED (non-fatal): completeness check failed: 2 row(s) still carry the phantom signature — not stamping, the next boot re-runs
[1786345610] [rename-tail] scheduling tail old=E:\Constellation Universes\Eisa Universe\Constellation PKM\Rab3na v2.md new=E:\Constellation Universes\Eisa Universe\Constellation PKM\Rab3na v3.md
[1786345610] [rename-tail] START old=E:\Constellation Universes\Eisa Universe\Constellation PKM\Rab3na v2.md new=E:\Constellation Universes\Eisa Universe\Constellation PKM\Rab3na v3.md title 'Rab3na v2'->'Rab3na v3'
[1786345610] [rename-tail] reindex OK for E:\Constellation Universes\Eisa Universe\Constellation PKM\Rab3na v3.md (lib Constellation PKM)
[1786345610] [rename-tail] END
[1786345630] [rename-tail] scheduling tail old=E:\Constellation Universes\Eisa Universe\Constellation PKM\Note test v2.md new=E:\Constellation Universes\Eisa Universe\Constellation PKM\Note test v3.md
[1786345630] [rename-tail] START old=E:\Constellation Universes\Eisa Universe\Constellation PKM\Note test v2.md new=E:\Constellation Universes\Eisa Universe\Constellation PKM\Note test v3.md title 'Note test v2'->'Note test v3'
[1786345630] [rename-tail] reindex OK for E:\Constellation Universes\Eisa Universe\Constellation PKM\Note test v3.md (lib Constellation PKM)
[1786345630] [rename-tail] END
[1786345660] [rename-tail] scheduling tail old=E:\Constellation Universes\Eisa Universe\Constellation PKM\Blorptide.md new=E:\Constellation Universes\Eisa Universe\Constellation PKM\Blorptide v2.md
[1786345660] [rename-tail] START old=E:\Constellation Universes\Eisa Universe\Constellation PKM\Blorptide.md new=E:\Constellation Universes\Eisa Universe\Constellation PKM\Blorptide v2.md title 'Blorptide'->'Blorptide v2'
[1786345660] [rename-tail] reindex OK for E:\Constellation Universes\Eisa Universe\Constellation PKM\Blorptide v2.md (lib Constellation PKM)
[1786345660] [rename-tail] END
[1786345690] [rename-tail] scheduling tail old=E:\Constellation Universes\Eisa Universe\Constellation PKM\9angoor v2.md new=E:\Constellation Universes\Eisa Universe\Constellation PKM\9angoor v3.md
[1786345690] [rename-tail] START old=E:\Constellation Universes\Eisa Universe\Constellation PKM\9angoor v2.md new=E:\Constellation Universes\Eisa Universe\Constellation PKM\9angoor v3.md title '9angoor v2'->'9angoor v3'
[1786345690] [rename-tail] reindex OK for E:\Constellation Universes\Eisa Universe\Constellation PKM\9angoor v3.md (lib Constellation PKM)
[1786345690] [rename-tail] END
[1786345932] [search] init_db: PRAGMA user_version=1 (target 1) — rebuild skipped (already current)
[1786345932] [search] init_db: schema_versions.sky=10 (target 10) — sky current
[1786345932] [search] init_db: schema_versions.note_meta=1 (target 1) — MIG-003 Step 1 already done
[1786345932] [search] init_db: schema_versions.dependent_tables_mig003=1 (target 1) — Step 2 already done
[1786345934] [index_note] cid DUPLICATE (both files live): 20260606T113126Z_NOTE_5C9F also claimed by E:\Constellation Universes\Eisa Universe\كون عيسى\Five Acts\Observation — Recent Captures.md — indexed E:\Constellation Universes\Eisa Universe\كون عيسى 2\Five Acts\Observation — Recent Captures.md with '' sentinel, NOT stolen
[1786345934] [index_note] cid DUPLICATE (both files live): 20260606T113126Z_NOTE_5C9F also claimed by E:\Constellation Universes\Eisa Universe\كون عيسى\Five Acts\Observation — Recent Captures.md — indexed E:\Constellation Universes\Eisa Universe\كون عيسى 2\Five Acts\Observation — Recent Captures.md with '' sentinel, NOT stolen
[1786345934] [index_note] cid DUPLICATE (both files live): 20260329T000000Z_NOTE_4CC5 also claimed by E:\Constellation Universes\Eisa Universe\كون عيسى\Image Preview Test.md — indexed E:\Constellation Universes\Eisa Universe\كون عيسى 2\Image Preview Test.md with '' sentinel, NOT stolen
[1786345934] [index_note] cid DUPLICATE (both files live): 20260329T000000Z_NOTE_4CC5 also claimed by E:\Constellation Universes\Eisa Universe\كون عيسى\Image Preview Test.md — indexed E:\Constellation Universes\Eisa Universe\كون عيسى 2\Image Preview Test.md with '' sentinel, NOT stolen
[1786345934] [index_note] cid DUPLICATE (both files live): 20260325T000000Z_NOTE_1469 also claimed by E:\Constellation Universes\Eisa Universe\كون عيسى\تجربة 1.md — indexed E:\Constellation Universes\Eisa Universe\كون عيسى 2\تجربة 1.md with '' sentinel, NOT stolen
[1786345934] [index_note] cid DUPLICATE (both files live): 20260325T000000Z_NOTE_1469 also claimed by E:\Constellation Universes\Eisa Universe\كون عيسى\تجربة 1.md — indexed E:\Constellation Universes\Eisa Universe\كون عيسى 2\تجربة 1.md with '' sentinel, NOT stolen
[1786345934] [index_note] cid DUPLICATE (both files live): 20260324T000000Z_NOTE_DD20 also claimed by E:\Constellation Universes\Eisa Universe\كون عيسى\مثال1.md — indexed E:\Constellation Universes\Eisa Universe\كون عيسى 2\مثال1.md with '' sentinel, NOT stolen
[1786345934] [index_note] cid DUPLICATE (both files live): 20260324T000000Z_NOTE_DD20 also claimed by E:\Constellation Universes\Eisa Universe\كون عيسى\مثال1.md — indexed E:\Constellation Universes\Eisa Universe\كون عيسى 2\مثال1.md with '' sentinel, NOT stolen
[1786345934] [index_note] cid DUPLICATE (both files live): 20260606T113126Z_NOTE_5C9F also claimed by E:\Constellation Universes\Eisa Universe\كون عيسى\Five Acts\Observation — Recent Captures.md — indexed E:\Constellation Universes\Eisa Universe\كون عيسى 3\Five Acts\Observation — Recent Captures.md with '' sentinel, NOT stolen
[1786345934] [index_note] cid DUPLICATE (both files live): 20260606T113126Z_NOTE_5C9F also claimed by E:\Constellation Universes\Eisa Universe\كون عيسى\Five Acts\Observation — Recent Captures.md — indexed E:\Constellation Universes\Eisa Universe\كون عيسى 3\Five Acts\Observation — Recent Captures.md with '' sentinel, NOT stolen
[1786345934] [index_note] cid DUPLICATE (both files live): 20260329T000000Z_NOTE_4CC5 also claimed by E:\Constellation Universes\Eisa Universe\كون عيسى\Image Preview Test.md — indexed E:\Constellation Universes\Eisa Universe\كون عيسى 3\Image Preview Test.md with '' sentinel, NOT stolen
[1786345934] [index_note] cid DUPLICATE (both files live): 20260329T000000Z_NOTE_4CC5 also claimed by E:\Constellation Universes\Eisa Universe\كون عيسى\Image Preview Test.md — indexed E:\Constellation Universes\Eisa Universe\كون عيسى 3\Image Preview Test.md with '' sentinel, NOT stolen
[1786345934] [index_note] cid DUPLICATE (both files live): 20260325T000000Z_NOTE_1469 also claimed by E:\Constellation Universes\Eisa Universe\كون عيسى\تجربة 1.md — indexed E:\Constellation Universes\Eisa Universe\كون عيسى 3\تجربة 1.md with '' sentinel, NOT stolen
[1786345934] [index_note] cid DUPLICATE (both files live): 20260325T000000Z_NOTE_1469 also claimed by E:\Constellation Universes\Eisa Universe\كون عيسى\تجربة 1.md — indexed E:\Constellation Universes\Eisa Universe\كون عيسى 3\تجربة 1.md with '' sentinel, NOT stolen
[1786345934] [index_note] cid DUPLICATE (both files live): 20260324T000000Z_NOTE_DD20 also claimed by E:\Constellation Universes\Eisa Universe\كون عيسى\مثال1.md — indexed E:\Constellation Universes\Eisa Universe\كون عيسى 3\مثال1.md with '' sentinel, NOT stolen
[1786345934] [index_note] cid DUPLICATE (both files live): 20260324T000000Z_NOTE_DD20 also claimed by E:\Constellation Universes\Eisa Universe\كون عيسى\مثال1.md — indexed E:\Constellation Universes\Eisa Universe\كون عيسى 3\مثال1.md with '' sentinel, NOT stolen
[1786345935] [index_note] cid DUPLICATE (both files live): 20260424T063440Z_NOTE_531D also claimed by E:\Constellation Universes\Eisa Universe\Constellation PKM\Constellation Working Docs\BUG-015-source-NOTE_EE1E-snapshot.md — indexed E:\Constellation Universes\Eisa Universe\Constellation PKM\Constellation Working Docs\BUG-015-target-NOTE_531D-corrupted-snapshot.md with '' sentinel, NOT stolen
[1786345935] [index_note] cid DUPLICATE (both files live): 20260424T063440Z_NOTE_531D also claimed by E:\Constellation Universes\Eisa Universe\Constellation PKM\Constellation Working Docs\BUG-015-source-NOTE_EE1E-snapshot.md — indexed E:\Constellation Universes\Eisa Universe\Constellation PKM\Constellation Working Docs\BUG-015-target-NOTE_531D-corrupted-snapshot.md with '' sentinel, NOT stolen
[1786345948] [index_note] cid DUPLICATE (both files live): 20260807T124701Z_NOTE_5C6D also claimed by E:\Constellation Universes\Eisa Universe\Constellation PKM\Constellation Working Docs\MIG-090-Plan-Notes-Navigator.md — indexed E:\Constellation Universes\Eisa Universe\Constellation PKM\Constellation Working Docs\README.md with '' sentinel, NOT stolen
[1786345948] [index_note] cid DUPLICATE (both files live): 20260807T124701Z_NOTE_5C6D also claimed by E:\Constellation Universes\Eisa Universe\Constellation PKM\Constellation Working Docs\MIG-090-Plan-Notes-Navigator.md — indexed E:\Constellation Universes\Eisa Universe\Constellation PKM\Constellation Working Docs\README.md with '' sentinel, NOT stolen
[1786345950] [search] mig003_step3_soft_rebackfill: stale=234 templates=0 reindexed=0 injected=0 dependent_rows=2689 still_empty=234 skipped_failed=0 errors=0 — elapsed=17.0996347s
[1786345950] [search] init_db: schema_versions.mig003_step4=1 (target 1) — Step 4 already done
[1786345950] [search] init_db: PRAGMA optimize completed (sqlite_stat1 refreshed)
[1786366115] [search] init_db: PRAGMA user_version=1 (target 1) — rebuild skipped (already current)
[1786366115] [search] init_db: schema_versions.sky=10 (target 10) — sky current
[1786366115] [search] init_db: schema_versions.note_meta=1 (target 1) — MIG-003 Step 1 already done
[1786366122] [search] init_db: schema_versions.dependent_tables_mig003=1 (target 1) — Step 2 already done
[1786366124] [index_note] cid DUPLICATE (both files live): 20260606T113126Z_NOTE_5C9F also claimed by E:\Constellation Universes\Eisa Universe\كون عيسى\Five Acts\Observation — Recent Captures.md — indexed E:\Constellation Universes\Eisa Universe\كون عيسى 2\Five Acts\Observation — Recent Captures.md with '' sentinel, NOT stolen
[1786366124] [index_note] cid DUPLICATE (both files live): 20260606T113126Z_NOTE_5C9F also claimed by E:\Constellation Universes\Eisa Universe\كون عيسى\Five Acts\Observation — Recent Captures.md — indexed E:\Constellation Universes\Eisa Universe\كون عيسى 2\Five Acts\Observation — Recent Captures.md with '' sentinel, NOT stolen
[1786366124] [index_note] cid DUPLICATE (both files live): 20260329T000000Z_NOTE_4CC5 also claimed by E:\Constellation Universes\Eisa Universe\كون عيسى\Image Preview Test.md — indexed E:\Constellation Universes\Eisa Universe\كون عيسى 2\Image Preview Test.md with '' sentinel, NOT stolen
[1786366124] [index_note] cid DUPLICATE (both files live): 20260329T000000Z_NOTE_4CC5 also claimed by E:\Constellation Universes\Eisa Universe\كون عيسى\Image Preview Test.md — indexed E:\Constellation Universes\Eisa Universe\كون عيسى 2\Image Preview Test.md with '' sentinel, NOT stolen
[1786366124] [index_note] cid DUPLICATE (both files live): 20260325T000000Z_NOTE_1469 also claimed by E:\Constellation Universes\Eisa Universe\كون عيسى\تجربة 1.md — indexed E:\Constellation Universes\Eisa Universe\كون عيسى 2\تجربة 1.md with '' sentinel, NOT stolen
[1786366124] [index_note] cid DUPLICATE (both files live): 20260325T000000Z_NOTE_1469 also claimed by E:\Constellation Universes\Eisa Universe\كون عيسى\تجربة 1.md — indexed E:\Constellation Universes\Eisa Universe\كون عيسى 2\تجربة 1.md with '' sentinel, NOT stolen
[1786366124] [index_note] cid DUPLICATE (both files live): 20260324T000000Z_NOTE_DD20 also claimed by E:\Constellation Universes\Eisa Universe\كون عيسى\مثال1.md — indexed E:\Constellation Universes\Eisa Universe\كون عيسى 2\مثال1.md with '' sentinel, NOT stolen
[1786366124] [index_note] cid DUPLICATE (both files live): 20260324T000000Z_NOTE_DD20 also claimed by E:\Constellation Universes\Eisa Universe\كون عيسى\مثال1.md — indexed E:\Constellation Universes\Eisa Universe\كون عيسى 2\مثال1.md with '' sentinel, NOT stolen
[1786366124] [index_note] cid DUPLICATE (both files live): 20260606T113126Z_NOTE_5C9F also claimed by E:\Constellation Universes\Eisa Universe\كون عيسى\Five Acts\Observation — Recent Captures.md — indexed E:\Constellation Universes\Eisa Universe\كون عيسى 3\Five Acts\Observation — Recent Captures.md with '' sentinel, NOT stolen
[1786366124] [index_note] cid DUPLICATE (both files live): 20260606T113126Z_NOTE_5C9F also claimed by E:\Constellation Universes\Eisa Universe\كون عيسى\Five Acts\Observation — Recent Captures.md — indexed E:\Constellation Universes\Eisa Universe\كون عيسى 3\Five Acts\Observation — Recent Captures.md with '' sentinel, NOT stolen
[1786366124] [index_note] cid DUPLICATE (both files live): 20260329T000000Z_NOTE_4CC5 also claimed by E:\Constellation Universes\Eisa Universe\كون عيسى\Image Preview Test.md — indexed E:\Constellation Universes\Eisa Universe\كون عيسى 3\Image Preview Test.md with '' sentinel, NOT stolen
[1786366124] [index_note] cid DUPLICATE (both files live): 20260329T000000Z_NOTE_4CC5 also claimed by E:\Constellation Universes\Eisa Universe\كون عيسى\Image Preview Test.md — indexed E:\Constellation Universes\Eisa Universe\كون عيسى 3\Image Preview Test.md with '' sentinel, NOT stolen
[1786366124] [index_note] cid DUPLICATE (both files live): 20260325T000000Z_NOTE_1469 also claimed by E:\Constellation Universes\Eisa Universe\كون عيسى\تجربة 1.md — indexed E:\Constellation Universes\Eisa Universe\كون عيسى 3\تجربة 1.md with '' sentinel, NOT stolen
[1786366124] [index_note] cid DUPLICATE (both files live): 20260325T000000Z_NOTE_1469 also claimed by E:\Constellation Universes\Eisa Universe\كون عيسى\تجربة 1.md — indexed E:\Constellation Universes\Eisa Universe\كون عيسى 3\تجربة 1.md with '' sentinel, NOT stolen
[1786366124] [index_note] cid DUPLICATE (both files live): 20260324T000000Z_NOTE_DD20 also claimed by E:\Constellation Universes\Eisa Universe\كون عيسى\مثال1.md — indexed E:\Constellation Universes\Eisa Universe\كون عيسى 3\مثال1.md with '' sentinel, NOT stolen
[1786366124] [index_note] cid DUPLICATE (both files live): 20260324T000000Z_NOTE_DD20 also claimed by E:\Constellation Universes\Eisa Universe\كون عيسى\مثال1.md — indexed E:\Constellation Universes\Eisa Universe\كون عيسى 3\مثال1.md with '' sentinel, NOT stolen
[1786366124] [index_note] cid DUPLICATE (both files live): 20260424T063440Z_NOTE_531D also claimed by E:\Constellation Universes\Eisa Universe\Constellation PKM\Constellation Working Docs\BUG-015-source-NOTE_EE1E-snapshot.md — indexed E:\Constellation Universes\Eisa Universe\Constellation PKM\Constellation Working Docs\BUG-015-target-NOTE_531D-corrupted-snapshot.md with '' sentinel, NOT stolen
[1786366124] [index_note] cid DUPLICATE (both files live): 20260424T063440Z_NOTE_531D also claimed by E:\Constellation Universes\Eisa Universe\Constellation PKM\Constellation Working Docs\BUG-015-source-NOTE_EE1E-snapshot.md — indexed E:\Constellation Universes\Eisa Universe\Constellation PKM\Constellation Working Docs\BUG-015-target-NOTE_531D-corrupted-snapshot.md with '' sentinel, NOT stolen
[1786366133] [index_note] cid DUPLICATE (both files live): 20260807T124701Z_NOTE_5C6D also claimed by E:\Constellation Universes\Eisa Universe\Constellation PKM\Constellation Working Docs\MIG-090-Plan-Notes-Navigator.md — indexed E:\Constellation Universes\Eisa Universe\Constellation PKM\Constellation Working Docs\README.md with '' sentinel, NOT stolen
[1786366133] [index_note] cid DUPLICATE (both files live): 20260807T124701Z_NOTE_5C6D also claimed by E:\Constellation Universes\Eisa Universe\Constellation PKM\Constellation Working Docs\MIG-090-Plan-Notes-Navigator.md — indexed E:\Constellation Universes\Eisa Universe\Constellation PKM\Constellation Working Docs\README.md with '' sentinel, NOT stolen
[1786366134] [search] mig003_step3_soft_rebackfill: stale=234 templates=0 reindexed=0 injected=0 dependent_rows=2689 still_empty=234 skipped_failed=0 errors=0 — elapsed=10.5703627s
[1786366134] [search] init_db: schema_versions.mig003_step4=1 (target 1) — Step 4 already done
[1786366137] [search] init_db: PRAGMA optimize completed (sqlite_stat1 refreshed)
[1786366138] [federation-prewarm] E:\Constellation Universes\كون عيسى\.constellation\search.db FTS5 optimize OK in 1ms (segid -1 → -1)
[1786366139] [target_base_backfill] completed: 31367 rows updated
[1786366147] [props_reparse] FAILED (non-fatal): completeness check failed: 2 row(s) still carry the phantom signature — not stamping, the next boot re-runs
[1786366148] [reconcile] drift check: 0 changed on disk, 0 not in the index, 0 rows without a file, 9 from a linked universe (2107 files / 2728 rows seen, walk complete)
[1786366168] [federation-prewarm] E:\Constellation Universes\Eisa Cognitive Knowledge\.constellation\search.db FTS5 optimize OK in 30086ms (segid -1 → -1)
[1786366583] [rename-tail] scheduling tail old=E:\Constellation Universes\Eisa Universe\Constellation PKM\Quazzle.md new=E:\Constellation Universes\Eisa Universe\Constellation PKM\Quazzle Renamed.md
[1786366583] [rename-tail] START old=E:\Constellation Universes\Eisa Universe\Constellation PKM\Quazzle.md new=E:\Constellation Universes\Eisa Universe\Constellation PKM\Quazzle Renamed.md title 'Quazzle'->'Quazzle Renamed'
[1786366583] [rename-tail] reindex OK for E:\Constellation Universes\Eisa Universe\Constellation PKM\Quazzle Renamed.md (lib Constellation PKM)
[1786366583] [rename-tail] END
[1786366589] [cascade] path=SEEK candidates=1
[1786366589] [cascade-reindex] START 1 note(s): E:\Constellation Universes\Eisa Universe\Constellation PKM\Vindar.md
[1786366589] [cascade-reindex] END ok=1 failed=0 of 1
[1786366773] [rename-tail] scheduling tail old=E:\Constellation Universes\Eisa Universe\Constellation PKM\Clippings\Thromble.md new=E:\Constellation Universes\Eisa Universe\Constellation PKM\Clippings\Thromble Renamed.md
[1786366773] [rename-tail] START old=E:\Constellation Universes\Eisa Universe\Constellation PKM\Clippings\Thromble.md new=E:\Constellation Universes\Eisa Universe\Constellation PKM\Clippings\Thromble Renamed.md title 'Thromble'->'Thromble Renamed'
[1786366774] [rename-tail] reindex OK for E:\Constellation Universes\Eisa Universe\Constellation PKM\Clippings\Thromble Renamed.md (lib Constellation PKM)
[1786366774] [rename-tail] END
[1786366780] [cascade] path=SEEK candidates=1
[1786366780] [cascade-reindex] START 1 note(s): E:\Constellation Universes\Eisa Universe\Constellation PKM\Vindar.md
[1786366780] [cascade-reindex] END ok=1 failed=0 of 1
[1786368111] [search] init_db: PRAGMA user_version=1 (target 1) — rebuild skipped (already current)
[1786368111] [search] init_db: schema_versions.sky=10 (target 10) — sky current
[1786368111] [search] init_db: schema_versions.note_meta=1 (target 1) — MIG-003 Step 1 already done
[1786368111] [search] init_db: schema_versions.dependent_tables_mig003=1 (target 1) — Step 2 already done
[1786368113] [index_note] cid DUPLICATE (both files live): 20260606T113126Z_NOTE_5C9F also claimed by E:\Constellation Universes\Eisa Universe\كون عيسى\Five Acts\Observation — Recent Captures.md — indexed E:\Constellation Universes\Eisa Universe\كون عيسى 2\Five Acts\Observation — Recent Captures.md with '' sentinel, NOT stolen
[1786368113] [index_note] cid DUPLICATE (both files live): 20260606T113126Z_NOTE_5C9F also claimed by E:\Constellation Universes\Eisa Universe\كون عيسى\Five Acts\Observation — Recent Captures.md — indexed E:\Constellation Universes\Eisa Universe\كون عيسى 2\Five Acts\Observation — Recent Captures.md with '' sentinel, NOT stolen
[1786368113] [index_note] cid DUPLICATE (both files live): 20260329T000000Z_NOTE_4CC5 also claimed by E:\Constellation Universes\Eisa Universe\كون عيسى\Image Preview Test.md — indexed E:\Constellation Universes\Eisa Universe\كون عيسى 2\Image Preview Test.md with '' sentinel, NOT stolen
[1786368113] [index_note] cid DUPLICATE (both files live): 20260329T000000Z_NOTE_4CC5 also claimed by E:\Constellation Universes\Eisa Universe\كون عيسى\Image Preview Test.md — indexed E:\Constellation Universes\Eisa Universe\كون عيسى 2\Image Preview Test.md with '' sentinel, NOT stolen
[1786368113] [index_note] cid DUPLICATE (both files live): 20260325T000000Z_NOTE_1469 also claimed by E:\Constellation Universes\Eisa Universe\كون عيسى\تجربة 1.md — indexed E:\Constellation Universes\Eisa Universe\كون عيسى 2\تجربة 1.md with '' sentinel, NOT stolen
[1786368113] [index_note] cid DUPLICATE (both files live): 20260325T000000Z_NOTE_1469 also claimed by E:\Constellation Universes\Eisa Universe\كون عيسى\تجربة 1.md — indexed E:\Constellation Universes\Eisa Universe\كون عيسى 2\تجربة 1.md with '' sentinel, NOT stolen
[1786368113] [index_note] cid DUPLICATE (both files live): 20260324T000000Z_NOTE_DD20 also claimed by E:\Constellation Universes\Eisa Universe\كون عيسى\مثال1.md — indexed E:\Constellation Universes\Eisa Universe\كون عيسى 2\مثال1.md with '' sentinel, NOT stolen
[1786368113] [index_note] cid DUPLICATE (both files live): 20260324T000000Z_NOTE_DD20 also claimed by E:\Constellation Universes\Eisa Universe\كون عيسى\مثال1.md — indexed E:\Constellation Universes\Eisa Universe\كون عيسى 2\مثال1.md with '' sentinel, NOT stolen
[1786368113] [index_note] cid DUPLICATE (both files live): 20260606T113126Z_NOTE_5C9F also claimed by E:\Constellation Universes\Eisa Universe\كون عيسى\Five Acts\Observation — Recent Captures.md — indexed E:\Constellation Universes\Eisa Universe\كون عيسى 3\Five Acts\Observation — Recent Captures.md with '' sentinel, NOT stolen
[1786368113] [index_note] cid DUPLICATE (both files live): 20260606T113126Z_NOTE_5C9F also claimed by E:\Constellation Universes\Eisa Universe\كون عيسى\Five Acts\Observation — Recent Captures.md — indexed E:\Constellation Universes\Eisa Universe\كون عيسى 3\Five Acts\Observation — Recent Captures.md with '' sentinel, NOT stolen
[1786368113] [index_note] cid DUPLICATE (both files live): 20260329T000000Z_NOTE_4CC5 also claimed by E:\Constellation Universes\Eisa Universe\كون عيسى\Image Preview Test.md — indexed E:\Constellation Universes\Eisa Universe\كون عيسى 3\Image Preview Test.md with '' sentinel, NOT stolen
[1786368113] [index_note] cid DUPLICATE (both files live): 20260329T000000Z_NOTE_4CC5 also claimed by E:\Constellation Universes\Eisa Universe\كون عيسى\Image Preview Test.md — indexed E:\Constellation Universes\Eisa Universe\كون عيسى 3\Image Preview Test.md with '' sentinel, NOT stolen
[1786368113] [index_note] cid DUPLICATE (both files live): 20260325T000000Z_NOTE_1469 also claimed by E:\Constellation Universes\Eisa Universe\كون عيسى\تجربة 1.md — indexed E:\Constellation Universes\Eisa Universe\كون عيسى 3\تجربة 1.md with '' sentinel, NOT stolen
[1786368113] [index_note] cid DUPLICATE (both files live): 20260325T000000Z_NOTE_1469 also claimed by E:\Constellation Universes\Eisa Universe\كون عيسى\تجربة 1.md — indexed E:\Constellation Universes\Eisa Universe\كون عيسى 3\تجربة 1.md with '' sentinel, NOT stolen
[1786368113] [index_note] cid DUPLICATE (both files live): 20260324T000000Z_NOTE_DD20 also claimed by E:\Constellation Universes\Eisa Universe\كون عيسى\مثال1.md — indexed E:\Constellation Universes\Eisa Universe\كون عيسى 3\مثال1.md with '' sentinel, NOT stolen
[1786368113] [index_note] cid DUPLICATE (both files live): 20260324T000000Z_NOTE_DD20 also claimed by E:\Constellation Universes\Eisa Universe\كون عيسى\مثال1.md — indexed E:\Constellation Universes\Eisa Universe\كون عيسى 3\مثال1.md with '' sentinel, NOT stolen
[1786368113] [index_note] cid DUPLICATE (both files live): 20260424T063440Z_NOTE_531D also claimed by E:\Constellation Universes\Eisa Universe\Constellation PKM\Constellation Working Docs\BUG-015-source-NOTE_EE1E-snapshot.md — indexed E:\Constellation Universes\Eisa Universe\Constellation PKM\Constellation Working Docs\BUG-015-target-NOTE_531D-corrupted-snapshot.md with '' sentinel, NOT stolen
[1786368113] [index_note] cid DUPLICATE (both files live): 20260424T063440Z_NOTE_531D also claimed by E:\Constellation Universes\Eisa Universe\Constellation PKM\Constellation Working Docs\BUG-015-source-NOTE_EE1E-snapshot.md — indexed E:\Constellation Universes\Eisa Universe\Constellation PKM\Constellation Working Docs\BUG-015-target-NOTE_531D-corrupted-snapshot.md with '' sentinel, NOT stolen
[1786368126] [index_note] cid DUPLICATE (both files live): 20260807T124701Z_NOTE_5C6D also claimed by E:\Constellation Universes\Eisa Universe\Constellation PKM\Constellation Working Docs\MIG-090-Plan-Notes-Navigator.md — indexed E:\Constellation Universes\Eisa Universe\Constellation PKM\Constellation Working Docs\README.md with '' sentinel, NOT stolen
[1786368126] [index_note] cid DUPLICATE (both files live): 20260807T124701Z_NOTE_5C6D also claimed by E:\Constellation Universes\Eisa Universe\Constellation PKM\Constellation Working Docs\MIG-090-Plan-Notes-Navigator.md — indexed E:\Constellation Universes\Eisa Universe\Constellation PKM\Constellation Working Docs\README.md with '' sentinel, NOT stolen
[1786368126] [search] mig003_step3_soft_rebackfill: stale=234 templates=0 reindexed=0 injected=0 dependent_rows=2689 still_empty=234 skipped_failed=0 errors=0 — elapsed=14.4861727s
[1786368126] [search] init_db: schema_versions.mig003_step4=1 (target 1) — Step 4 already done
[1786368126] [search] init_db: PRAGMA optimize completed (sqlite_stat1 refreshed)
[1786368128] [link_life_restore] earned layer restored: 0 of 1 records written (0 already current, 1 no longer in the index, 0 ambiguous-skipped), 0 weights healed, 0 priorities restored (0 already current, 0 unresolved), 0 bad lines
[1786368139] [reconcile] drift check: 0 changed on disk, 0 not in the index, 0 rows without a file, 9 from a linked universe (2107 files / 2728 rows seen, walk complete)
[1786368140] [federation-prewarm] E:\Constellation Universes\كون عيسى\.constellation\search.db FTS5 optimize OK in 0ms (segid -1 → -1)
[1786368140] [federation-prewarm] E:\Constellation Universes\Eisa Cognitive Knowledge\.constellation\search.db FTS5 optimize OK in 0ms (segid -1 → -1)
[1786368141] [props_reparse] FAILED (non-fatal): completeness check failed: 2 row(s) still carry the phantom signature — not stamping, the next boot re-runs
[1786368303] [rename-tail] scheduling tail old=E:\Constellation Universes\Eisa Universe\Constellation PKM\Ztemp.md new=E:\Constellation Universes\Eisa Universe\Constellation PKM\Ztemp2.md
[1786368303] [rename-tail] START old=E:\Constellation Universes\Eisa Universe\Constellation PKM\Ztemp.md new=E:\Constellation Universes\Eisa Universe\Constellation PKM\Ztemp2.md title 'Ztemp'->'Ztemp2'
[1786368303] [rename-tail] reindex OK for E:\Constellation Universes\Eisa Universe\Constellation PKM\Ztemp2.md (lib Constellation PKM)
[1786368303] [rename-tail] END
[1786368303] [cascade-timing] federation-boundary-resolved at 0 ms
[1786368306] [cascade-timing] index-seek-and-freshness-map-done at 3219 ms
[1786368306] [cascade-timing] freshness-net-done (0 suspects) at 3253 ms
[1786368306] [cascade] path=SEEK candidates=0
[1786368306] [cascade-timing] rewrite-done at 3292 ms
[1786369993] [search] init_db: PRAGMA user_version=1 (target 1) — rebuild skipped (already current)
[1786369993] [search] init_db: schema_versions.sky=10 (target 10) — sky current
[1786369993] [search] init_db: schema_versions.note_meta=1 (target 1) — MIG-003 Step 1 already done
[1786369999] [search] init_db: schema_versions.dependent_tables_mig003=1 (target 1) — Step 2 already done
[1786370000] [index_note] cid DUPLICATE (both files live): 20260606T113126Z_NOTE_5C9F also claimed by E:\Constellation Universes\Eisa Universe\كون عيسى\Five Acts\Observation — Recent Captures.md — indexed E:\Constellation Universes\Eisa Universe\كون عيسى 2\Five Acts\Observation — Recent Captures.md with '' sentinel, NOT stolen
[1786370000] [index_note] cid DUPLICATE (both files live): 20260606T113126Z_NOTE_5C9F also claimed by E:\Constellation Universes\Eisa Universe\كون عيسى\Five Acts\Observation — Recent Captures.md — indexed E:\Constellation Universes\Eisa Universe\كون عيسى 2\Five Acts\Observation — Recent Captures.md with '' sentinel, NOT stolen
[1786370000] [index_note] cid DUPLICATE (both files live): 20260329T000000Z_NOTE_4CC5 also claimed by E:\Constellation Universes\Eisa Universe\كون عيسى\Image Preview Test.md — indexed E:\Constellation Universes\Eisa Universe\كون عيسى 2\Image Preview Test.md with '' sentinel, NOT stolen
[1786370000] [index_note] cid DUPLICATE (both files live): 20260329T000000Z_NOTE_4CC5 also claimed by E:\Constellation Universes\Eisa Universe\كون عيسى\Image Preview Test.md — indexed E:\Constellation Universes\Eisa Universe\كون عيسى 2\Image Preview Test.md with '' sentinel, NOT stolen
[1786370000] [index_note] cid DUPLICATE (both files live): 20260325T000000Z_NOTE_1469 also claimed by E:\Constellation Universes\Eisa Universe\كون عيسى\تجربة 1.md — indexed E:\Constellation Universes\Eisa Universe\كون عيسى 2\تجربة 1.md with '' sentinel, NOT stolen
[1786370000] [index_note] cid DUPLICATE (both files live): 20260325T000000Z_NOTE_1469 also claimed by E:\Constellation Universes\Eisa Universe\كون عيسى\تجربة 1.md — indexed E:\Constellation Universes\Eisa Universe\كون عيسى 2\تجربة 1.md with '' sentinel, NOT stolen
[1786370000] [index_note] cid DUPLICATE (both files live): 20260324T000000Z_NOTE_DD20 also claimed by E:\Constellation Universes\Eisa Universe\كون عيسى\مثال1.md — indexed E:\Constellation Universes\Eisa Universe\كون عيسى 2\مثال1.md with '' sentinel, NOT stolen
[1786370000] [index_note] cid DUPLICATE (both files live): 20260324T000000Z_NOTE_DD20 also claimed by E:\Constellation Universes\Eisa Universe\كون عيسى\مثال1.md — indexed E:\Constellation Universes\Eisa Universe\كون عيسى 2\مثال1.md with '' sentinel, NOT stolen
[1786370000] [index_note] cid DUPLICATE (both files live): 20260606T113126Z_NOTE_5C9F also claimed by E:\Constellation Universes\Eisa Universe\كون عيسى\Five Acts\Observation — Recent Captures.md — indexed E:\Constellation Universes\Eisa Universe\كون عيسى 3\Five Acts\Observation — Recent Captures.md with '' sentinel, NOT stolen
[1786370000] [index_note] cid DUPLICATE (both files live): 20260606T113126Z_NOTE_5C9F also claimed by E:\Constellation Universes\Eisa Universe\كون عيسى\Five Acts\Observation — Recent Captures.md — indexed E:\Constellation Universes\Eisa Universe\كون عيسى 3\Five Acts\Observation — Recent Captures.md with '' sentinel, NOT stolen
[1786370000] [index_note] cid DUPLICATE (both files live): 20260329T000000Z_NOTE_4CC5 also claimed by E:\Constellation Universes\Eisa Universe\كون عيسى\Image Preview Test.md — indexed E:\Constellation Universes\Eisa Universe\كون عيسى 3\Image Preview Test.md with '' sentinel, NOT stolen
[1786370000] [index_note] cid DUPLICATE (both files live): 20260329T000000Z_NOTE_4CC5 also claimed by E:\Constellation Universes\Eisa Universe\كون عيسى\Image Preview Test.md — indexed E:\Constellation Universes\Eisa Universe\كون عيسى 3\Image Preview Test.md with '' sentinel, NOT stolen
[1786370000] [index_note] cid DUPLICATE (both files live): 20260325T000000Z_NOTE_1469 also claimed by E:\Constellation Universes\Eisa Universe\كون عيسى\تجربة 1.md — indexed E:\Constellation Universes\Eisa Universe\كون عيسى 3\تجربة 1.md with '' sentinel, NOT stolen
[1786370000] [index_note] cid DUPLICATE (both files live): 20260325T000000Z_NOTE_1469 also claimed by E:\Constellation Universes\Eisa Universe\كون عيسى\تجربة 1.md — indexed E:\Constellation Universes\Eisa Universe\كون عيسى 3\تجربة 1.md with '' sentinel, NOT stolen
[1786370000] [index_note] cid DUPLICATE (both files live): 20260324T000000Z_NOTE_DD20 also claimed by E:\Constellation Universes\Eisa Universe\كون عيسى\مثال1.md — indexed E:\Constellation Universes\Eisa Universe\كون عيسى 3\مثال1.md with '' sentinel, NOT stolen
[1786370000] [index_note] cid DUPLICATE (both files live): 20260324T000000Z_NOTE_DD20 also claimed by E:\Constellation Universes\Eisa Universe\كون عيسى\مثال1.md — indexed E:\Constellation Universes\Eisa Universe\كون عيسى 3\مثال1.md with '' sentinel, NOT stolen
[1786370000] [index_note] cid DUPLICATE (both files live): 20260424T063440Z_NOTE_531D also claimed by E:\Constellation Universes\Eisa Universe\Constellation PKM\Constellation Working Docs\BUG-015-source-NOTE_EE1E-snapshot.md — indexed E:\Constellation Universes\Eisa Universe\Constellation PKM\Constellation Working Docs\BUG-015-target-NOTE_531D-corrupted-snapshot.md with '' sentinel, NOT stolen
[1786370001] [index_note] cid DUPLICATE (both files live): 20260424T063440Z_NOTE_531D also claimed by E:\Constellation Universes\Eisa Universe\Constellation PKM\Constellation Working Docs\BUG-015-source-NOTE_EE1E-snapshot.md — indexed E:\Constellation Universes\Eisa Universe\Constellation PKM\Constellation Working Docs\BUG-015-target-NOTE_531D-corrupted-snapshot.md with '' sentinel, NOT stolen
[1786370012] [index_note] cid DUPLICATE (both files live): 20260807T124701Z_NOTE_5C6D also claimed by E:\Constellation Universes\Eisa Universe\Constellation PKM\Constellation Working Docs\MIG-090-Plan-Notes-Navigator.md — indexed E:\Constellation Universes\Eisa Universe\Constellation PKM\Constellation Working Docs\README.md with '' sentinel, NOT stolen
[1786370012] [index_note] cid DUPLICATE (both files live): 20260807T124701Z_NOTE_5C6D also claimed by E:\Constellation Universes\Eisa Universe\Constellation PKM\Constellation Working Docs\MIG-090-Plan-Notes-Navigator.md — indexed E:\Constellation Universes\Eisa Universe\Constellation PKM\Constellation Working Docs\README.md with '' sentinel, NOT stolen
[1786370012] [search] mig003_step3_soft_rebackfill: stale=234 templates=0 reindexed=0 injected=0 dependent_rows=2689 still_empty=234 skipped_failed=0 errors=0 — elapsed=13.0197999s
[1786370012] [search] init_db: schema_versions.mig003_step4=1 (target 1) — Step 4 already done
[1786370015] [search] init_db: PRAGMA optimize completed (sqlite_stat1 refreshed)
[1786370016] [link_life_restore] earned layer restored: 0 of 1 records written (0 already current, 1 no longer in the index, 0 ambiguous-skipped), 0 weights healed, 0 priorities restored (0 already current, 0 unresolved), 0 bad lines
[1786370025] [reconcile] drift check: 0 changed on disk, 0 not in the index, 0 rows without a file, 9 from a linked universe (2108 files / 2729 rows seen, walk complete)
[1786370026] [federation-prewarm] E:\Constellation Universes\كون عيسى\.constellation\search.db FTS5 optimize OK in 39ms (segid -1 → -1)
[1786370026] [federation-prewarm] E:\Constellation Universes\Eisa Cognitive Knowledge\.constellation\search.db FTS5 optimize OK in 0ms (segid -1 → -1)
[1786370026] [props_reparse] FAILED (non-fatal): completeness check failed: 2 row(s) still carry the phantom signature — not stamping, the next boot re-runs
[1786370113] [rename-tail] scheduling tail old=E:\Constellation Universes\Eisa Universe\Constellation PKM\Hubla.md new=E:\Constellation Universes\Eisa Universe\Constellation PKM\Hubla v2.md
[1786370113] [rename-tail] START old=E:\Constellation Universes\Eisa Universe\Constellation PKM\Hubla.md new=E:\Constellation Universes\Eisa Universe\Constellation PKM\Hubla v2.md title 'Hubla'->'Hubla v2'
[1786370113] [rename-tail] reindex OK for E:\Constellation Universes\Eisa Universe\Constellation PKM\Hubla v2.md (lib Constellation PKM)
[1786370113] [rename-tail] END
[1786370113] [cascade-timing] federation-boundary-resolved at 0 ms
[1786370115] [cascade-timing] seek-query 2606 ms | freshness-map 2730 rows 2 ms
[1786370115] [cascade-timing] index-seek-and-freshness-map-done at 2611 ms
[1786370116] [cascade-timing] freshness-net-done (0 suspects) at 2655 ms
[1786370116] [cascade] path=SEEK candidates=0
[1786370116] [cascade-timing] rewrite-done at 2693 ms
[1786370144] [rename-tail] scheduling tail old=E:\Constellation Universes\Eisa Universe\Constellation PKM\Note test v3.md new=E:\Constellation Universes\Eisa Universe\Constellation PKM\Note test v4.md
[1786370144] [rename-tail] START old=E:\Constellation Universes\Eisa Universe\Constellation PKM\Note test v3.md new=E:\Constellation Universes\Eisa Universe\Constellation PKM\Note test v4.md title 'Note test v3'->'Note test v4'
[1786370144] [rename-tail] reindex OK for E:\Constellation Universes\Eisa Universe\Constellation PKM\Note test v4.md (lib Constellation PKM)
[1786370144] [rename-tail] END
[1786370144] [cascade-timing] federation-boundary-resolved at 0 ms
[1786370144] [cascade-timing] seek-query 17 ms | freshness-map 2730 rows 1 ms
[1786370144] [cascade-timing] index-seek-and-freshness-map-done at 22 ms
[1786370144] [cascade-timing] freshness-net-done (0 suspects) at 43 ms
[1786370144] [cascade] path=SEEK candidates=0
[1786370144] [cascade-timing] rewrite-done at 44 ms
[1786370317] [search] init_db: PRAGMA user_version=1 (target 1) — rebuild skipped (already current)
[1786370317] [search] init_db: schema_versions.sky=10 (target 10) — sky current
[1786370317] [search] init_db: schema_versions.note_meta=1 (target 1) — MIG-003 Step 1 already done
[1786370317] [search] init_db: schema_versions.dependent_tables_mig003=1 (target 1) — Step 2 already done
[1786370321] [index_note] cid DUPLICATE (both files live): 20260606T113126Z_NOTE_5C9F also claimed by E:\Constellation Universes\Eisa Universe\كون عيسى\Five Acts\Observation — Recent Captures.md — indexed E:\Constellation Universes\Eisa Universe\كون عيسى 2\Five Acts\Observation — Recent Captures.md with '' sentinel, NOT stolen
[1786370321] [index_note] cid DUPLICATE (both files live): 20260329T000000Z_NOTE_4CC5 also claimed by E:\Constellation Universes\Eisa Universe\كون عيسى\Image Preview Test.md — indexed E:\Constellation Universes\Eisa Universe\كون عيسى 2\Image Preview Test.md with '' sentinel, NOT stolen
[1786370321] [index_note] cid DUPLICATE (both files live): 20260325T000000Z_NOTE_1469 also claimed by E:\Constellation Universes\Eisa Universe\كون عيسى\تجربة 1.md — indexed E:\Constellation Universes\Eisa Universe\كون عيسى 2\تجربة 1.md with '' sentinel, NOT stolen
[1786370321] [index_note] cid DUPLICATE (both files live): 20260324T000000Z_NOTE_DD20 also claimed by E:\Constellation Universes\Eisa Universe\كون عيسى\مثال1.md — indexed E:\Constellation Universes\Eisa Universe\كون عيسى 2\مثال1.md with '' sentinel, NOT stolen
[1786370321] [index_note] cid DUPLICATE (both files live): 20260606T113126Z_NOTE_5C9F also claimed by E:\Constellation Universes\Eisa Universe\كون عيسى\Five Acts\Observation — Recent Captures.md — indexed E:\Constellation Universes\Eisa Universe\كون عيسى 3\Five Acts\Observation — Recent Captures.md with '' sentinel, NOT stolen
[1786370321] [index_note] cid DUPLICATE (both files live): 20260329T000000Z_NOTE_4CC5 also claimed by E:\Constellation Universes\Eisa Universe\كون عيسى\Image Preview Test.md — indexed E:\Constellation Universes\Eisa Universe\كون عيسى 3\Image Preview Test.md with '' sentinel, NOT stolen
[1786370321] [index_note] cid DUPLICATE (both files live): 20260325T000000Z_NOTE_1469 also claimed by E:\Constellation Universes\Eisa Universe\كون عيسى\تجربة 1.md — indexed E:\Constellation Universes\Eisa Universe\كون عيسى 3\تجربة 1.md with '' sentinel, NOT stolen
[1786370321] [index_note] cid DUPLICATE (both files live): 20260324T000000Z_NOTE_DD20 also claimed by E:\Constellation Universes\Eisa Universe\كون عيسى\مثال1.md — indexed E:\Constellation Universes\Eisa Universe\كون عيسى 3\مثال1.md with '' sentinel, NOT stolen
[1786370321] [index_note] cid DUPLICATE (both files live): 20260424T063440Z_NOTE_531D also claimed by E:\Constellation Universes\Eisa Universe\Constellation PKM\Constellation Working Docs\BUG-015-source-NOTE_EE1E-snapshot.md — indexed E:\Constellation Universes\Eisa Universe\Constellation PKM\Constellation Working Docs\BUG-015-target-NOTE_531D-corrupted-snapshot.md with '' sentinel, NOT stolen
[1786375653] [search] init_db: PRAGMA user_version=1 (target 1) — rebuild skipped (already current)
[1786375653] [search] init_db: schema_versions.sky=10 (target 10) — sky current
[1786375653] [search] init_db: schema_versions.note_meta=1 (target 1) — MIG-003 Step 1 already done
[1786375653] [search] init_db: schema_versions.dependent_tables_mig003=1 (target 1) — Step 2 already done
[1786375656] [index_note] cid DUPLICATE (both files live): 20260606T113126Z_NOTE_5C9F also claimed by E:\Constellation Universes\Eisa Universe\كون عيسى\Five Acts\Observation — Recent Captures.md — indexed E:\Constellation Universes\Eisa Universe\كون عيسى 2\Five Acts\Observation — Recent Captures.md with '' sentinel, NOT stolen
[1786375656] [index_note] cid DUPLICATE (both files live): 20260606T113126Z_NOTE_5C9F also claimed by E:\Constellation Universes\Eisa Universe\كون عيسى\Five Acts\Observation — Recent Captures.md — indexed E:\Constellation Universes\Eisa Universe\كون عيسى 2\Five Acts\Observation — Recent Captures.md with '' sentinel, NOT stolen
[1786375656] [index_note] cid DUPLICATE (both files live): 20260329T000000Z_NOTE_4CC5 also claimed by E:\Constellation Universes\Eisa Universe\كون عيسى\Image Preview Test.md — indexed E:\Constellation Universes\Eisa Universe\كون عيسى 2\Image Preview Test.md with '' sentinel, NOT stolen
[1786375656] [index_note] cid DUPLICATE (both files live): 20260329T000000Z_NOTE_4CC5 also claimed by E:\Constellation Universes\Eisa Universe\كون عيسى\Image Preview Test.md — indexed E:\Constellation Universes\Eisa Universe\كون عيسى 2\Image Preview Test.md with '' sentinel, NOT stolen
[1786375656] [index_note] cid DUPLICATE (both files live): 20260325T000000Z_NOTE_1469 also claimed by E:\Constellation Universes\Eisa Universe\كون عيسى\تجربة 1.md — indexed E:\Constellation Universes\Eisa Universe\كون عيسى 2\تجربة 1.md with '' sentinel, NOT stolen
[1786375656] [index_note] cid DUPLICATE (both files live): 20260325T000000Z_NOTE_1469 also claimed by E:\Constellation Universes\Eisa Universe\كون عيسى\تجربة 1.md — indexed E:\Constellation Universes\Eisa Universe\كون عيسى 2\تجربة 1.md with '' sentinel, NOT stolen
[1786375656] [index_note] cid DUPLICATE (both files live): 20260324T000000Z_NOTE_DD20 also claimed by E:\Constellation Universes\Eisa Universe\كون عيسى\مثال1.md — indexed E:\Constellation Universes\Eisa Universe\كون عيسى 2\مثال1.md with '' sentinel, NOT stolen
[1786375656] [index_note] cid DUPLICATE (both files live): 20260324T000000Z_NOTE_DD20 also claimed by E:\Constellation Universes\Eisa Universe\كون عيسى\مثال1.md — indexed E:\Constellation Universes\Eisa Universe\كون عيسى 2\مثال1.md with '' sentinel, NOT stolen
[1786375656] [index_note] cid DUPLICATE (both files live): 20260606T113126Z_NOTE_5C9F also claimed by E:\Constellation Universes\Eisa Universe\كون عيسى\Five Acts\Observation — Recent Captures.md — indexed E:\Constellation Universes\Eisa Universe\كون عيسى 3\Five Acts\Observation — Recent Captures.md with '' sentinel, NOT stolen
[1786375656] [index_note] cid DUPLICATE (both files live): 20260606T113126Z_NOTE_5C9F also claimed by E:\Constellation Universes\Eisa Universe\كون عيسى\Five Acts\Observation — Recent Captures.md — indexed E:\Constellation Universes\Eisa Universe\كون عيسى 3\Five Acts\Observation — Recent Captures.md with '' sentinel, NOT stolen
[1786375656] [index_note] cid DUPLICATE (both files live): 20260329T000000Z_NOTE_4CC5 also claimed by E:\Constellation Universes\Eisa Universe\كون عيسى\Image Preview Test.md — indexed E:\Constellation Universes\Eisa Universe\كون عيسى 3\Image Preview Test.md with '' sentinel, NOT stolen
[1786375656] [index_note] cid DUPLICATE (both files live): 20260329T000000Z_NOTE_4CC5 also claimed by E:\Constellation Universes\Eisa Universe\كون عيسى\Image Preview Test.md — indexed E:\Constellation Universes\Eisa Universe\كون عيسى 3\Image Preview Test.md with '' sentinel, NOT stolen
[1786375656] [index_note] cid DUPLICATE (both files live): 20260325T000000Z_NOTE_1469 also claimed by E:\Constellation Universes\Eisa Universe\كون عيسى\تجربة 1.md — indexed E:\Constellation Universes\Eisa Universe\كون عيسى 3\تجربة 1.md with '' sentinel, NOT stolen
[1786375656] [index_note] cid DUPLICATE (both files live): 20260325T000000Z_NOTE_1469 also claimed by E:\Constellation Universes\Eisa Universe\كون عيسى\تجربة 1.md — indexed E:\Constellation Universes\Eisa Universe\كون عيسى 3\تجربة 1.md with '' sentinel, NOT stolen
[1786375656] [index_note] cid DUPLICATE (both files live): 20260324T000000Z_NOTE_DD20 also claimed by E:\Constellation Universes\Eisa Universe\كون عيسى\مثال1.md — indexed E:\Constellation Universes\Eisa Universe\كون عيسى 3\مثال1.md with '' sentinel, NOT stolen
[1786375656] [index_note] cid DUPLICATE (both files live): 20260324T000000Z_NOTE_DD20 also claimed by E:\Constellation Universes\Eisa Universe\كون عيسى\مثال1.md — indexed E:\Constellation Universes\Eisa Universe\كون عيسى 3\مثال1.md with '' sentinel, NOT stolen
[1786375656] [index_note] cid DUPLICATE (both files live): 20260424T063440Z_NOTE_531D also claimed by E:\Constellation Universes\Eisa Universe\Constellation PKM\Constellation Working Docs\BUG-015-source-NOTE_EE1E-snapshot.md — indexed E:\Constellation Universes\Eisa Universe\Constellation PKM\Constellation Working Docs\BUG-015-target-NOTE_531D-corrupted-snapshot.md with '' sentinel, NOT stolen
[1786375656] [index_note] cid DUPLICATE (both files live): 20260424T063440Z_NOTE_531D also claimed by E:\Constellation Universes\Eisa Universe\Constellation PKM\Constellation Working Docs\BUG-015-source-NOTE_EE1E-snapshot.md — indexed E:\Constellation Universes\Eisa Universe\Constellation PKM\Constellation Working Docs\BUG-015-target-NOTE_531D-corrupted-snapshot.md with '' sentinel, NOT stolen
[1786375678] [index_note] cid DUPLICATE (both files live): 20260807T124701Z_NOTE_5C6D also claimed by E:\Constellation Universes\Eisa Universe\Constellation PKM\Constellation Working Docs\MIG-090-Plan-Notes-Navigator.md — indexed E:\Constellation Universes\Eisa Universe\Constellation PKM\Constellation Working Docs\README.md with '' sentinel, NOT stolen
[1786375678] [index_note] cid DUPLICATE (both files live): 20260807T124701Z_NOTE_5C6D also claimed by E:\Constellation Universes\Eisa Universe\Constellation PKM\Constellation Working Docs\MIG-090-Plan-Notes-Navigator.md — indexed E:\Constellation Universes\Eisa Universe\Constellation PKM\Constellation Working Docs\README.md with '' sentinel, NOT stolen
[1786375678] [search] mig003_step3_soft_rebackfill: stale=234 templates=0 reindexed=0 injected=0 dependent_rows=2689 still_empty=234 skipped_failed=0 errors=0 — elapsed=23.7286485s
[1786375678] [search] init_db: schema_versions.mig003_step4=1 (target 1) — Step 4 already done
[1786375678] [search] init_db: PRAGMA optimize completed (sqlite_stat1 refreshed)
[1786375679] [target_base_backfill] seek path warmed in 674 ms (ok=true)
[1786375680] [link_life_restore] earned layer restored: 0 of 1 records written (0 already current, 1 no longer in the index, 0 ambiguous-skipped), 0 weights healed, 0 priorities restored (0 already current, 0 unresolved), 0 bad lines
[1786375681] [federation-prewarm] E:\Constellation Universes\كون عيسى\.constellation\search.db FTS5 optimize OK in 11ms (segid -1 → -1)
[1786375681] [federation-prewarm] E:\Constellation Universes\Eisa Cognitive Knowledge\.constellation\search.db FTS5 optimize OK in 11ms (segid -1 → -1)
[1786375687] [reconcile] drift check: 0 changed on disk, 0 not in the index, 0 rows without a file, 9 from a linked universe (2109 files / 2730 rows seen, walk complete)
[1786375687] [props_reparse] FAILED (non-fatal): completeness check failed: 2 row(s) still carry the phantom signature — not stamping, the next boot re-runs
[1786375764] [search] init_db: PRAGMA user_version=1 (target 1) — rebuild skipped (already current)
[1786375764] [search] init_db: schema_versions.sky=10 (target 10) — sky current
[1786375764] [search] init_db: schema_versions.note_meta=1 (target 1) — MIG-003 Step 1 already done
[1786375764] [search] init_db: schema_versions.dependent_tables_mig003=1 (target 1) — Step 2 already done
[1786375766] [index_note] cid DUPLICATE (both files live): 20260606T113126Z_NOTE_5C9F also claimed by E:\Constellation Universes\Eisa Universe\كون عيسى\Five Acts\Observation — Recent Captures.md — indexed E:\Constellation Universes\Eisa Universe\كون عيسى 2\Five Acts\Observation — Recent Captures.md with '' sentinel, NOT stolen
[1786375766] [index_note] cid DUPLICATE (both files live): 20260606T113126Z_NOTE_5C9F also claimed by E:\Constellation Universes\Eisa Universe\كون عيسى\Five Acts\Observation — Recent Captures.md — indexed E:\Constellation Universes\Eisa Universe\كون عيسى 2\Five Acts\Observation — Recent Captures.md with '' sentinel, NOT stolen
[1786375766] [index_note] cid DUPLICATE (both files live): 20260329T000000Z_NOTE_4CC5 also claimed by E:\Constellation Universes\Eisa Universe\كون عيسى\Image Preview Test.md — indexed E:\Constellation Universes\Eisa Universe\كون عيسى 2\Image Preview Test.md with '' sentinel, NOT stolen
[1786375767] [index_note] cid DUPLICATE (both files live): 20260329T000000Z_NOTE_4CC5 also claimed by E:\Constellation Universes\Eisa Universe\كون عيسى\Image Preview Test.md — indexed E:\Constellation Universes\Eisa Universe\كون عيسى 2\Image Preview Test.md with '' sentinel, NOT stolen
[1786375767] [index_note] cid DUPLICATE (both files live): 20260325T000000Z_NOTE_1469 also claimed by E:\Constellation Universes\Eisa Universe\كون عيسى\تجربة 1.md — indexed E:\Constellation Universes\Eisa Universe\كون عيسى 2\تجربة 1.md with '' sentinel, NOT stolen
[1786375767] [index_note] cid DUPLICATE (both files live): 20260325T000000Z_NOTE_1469 also claimed by E:\Constellation Universes\Eisa Universe\كون عيسى\تجربة 1.md — indexed E:\Constellation Universes\Eisa Universe\كون عيسى 2\تجربة 1.md with '' sentinel, NOT stolen
[1786375767] [index_note] cid DUPLICATE (both files live): 20260324T000000Z_NOTE_DD20 also claimed by E:\Constellation Universes\Eisa Universe\كون عيسى\مثال1.md — indexed E:\Constellation Universes\Eisa Universe\كون عيسى 2\مثال1.md with '' sentinel, NOT stolen
[1786375767] [index_note] cid DUPLICATE (both files live): 20260324T000000Z_NOTE_DD20 also claimed by E:\Constellation Universes\Eisa Universe\كون عيسى\مثال1.md — indexed E:\Constellation Universes\Eisa Universe\كون عيسى 2\مثال1.md with '' sentinel, NOT stolen
[1786375767] [index_note] cid DUPLICATE (both files live): 20260606T113126Z_NOTE_5C9F also claimed by E:\Constellation Universes\Eisa Universe\كون عيسى\Five Acts\Observation — Recent Captures.md — indexed E:\Constellation Universes\Eisa Universe\كون عيسى 3\Five Acts\Observation — Recent Captures.md with '' sentinel, NOT stolen
[1786375767] [index_note] cid DUPLICATE (both files live): 20260606T113126Z_NOTE_5C9F also claimed by E:\Constellation Universes\Eisa Universe\كون عيسى\Five Acts\Observation — Recent Captures.md — indexed E:\Constellation Universes\Eisa Universe\كون عيسى 3\Five Acts\Observation — Recent Captures.md with '' sentinel, NOT stolen
[1786375767] [index_note] cid DUPLICATE (both files live): 20260329T000000Z_NOTE_4CC5 also claimed by E:\Constellation Universes\Eisa Universe\كون عيسى\Image Preview Test.md — indexed E:\Constellation Universes\Eisa Universe\كون عيسى 3\Image Preview Test.md with '' sentinel, NOT stolen
[1786375767] [index_note] cid DUPLICATE (both files live): 20260329T000000Z_NOTE_4CC5 also claimed by E:\Constellation Universes\Eisa Universe\كون عيسى\Image Preview Test.md — indexed E:\Constellation Universes\Eisa Universe\كون عيسى 3\Image Preview Test.md with '' sentinel, NOT stolen
[1786375767] [index_note] cid DUPLICATE (both files live): 20260325T000000Z_NOTE_1469 also claimed by E:\Constellation Universes\Eisa Universe\كون عيسى\تجربة 1.md — indexed E:\Constellation Universes\Eisa Universe\كون عيسى 3\تجربة 1.md with '' sentinel, NOT stolen
[1786375767] [index_note] cid DUPLICATE (both files live): 20260325T000000Z_NOTE_1469 also claimed by E:\Constellation Universes\Eisa Universe\كون عيسى\تجربة 1.md — indexed E:\Constellation Universes\Eisa Universe\كون عيسى 3\تجربة 1.md with '' sentinel, NOT stolen
[1786375767] [index_note] cid DUPLICATE (both files live): 20260324T000000Z_NOTE_DD20 also claimed by E:\Constellation Universes\Eisa Universe\كون عيسى\مثال1.md — indexed E:\Constellation Universes\Eisa Universe\كون عيسى 3\مثال1.md with '' sentinel, NOT stolen
[1786375767] [index_note] cid DUPLICATE (both files live): 20260324T000000Z_NOTE_DD20 also claimed by E:\Constellation Universes\Eisa Universe\كون عيسى\مثال1.md — indexed E:\Constellation Universes\Eisa Universe\كون عيسى 3\مثال1.md with '' sentinel, NOT stolen
[1786375767] [index_note] cid DUPLICATE (both files live): 20260424T063440Z_NOTE_531D also claimed by E:\Constellation Universes\Eisa Universe\Constellation PKM\Constellation Working Docs\BUG-015-source-NOTE_EE1E-snapshot.md — indexed E:\Constellation Universes\Eisa Universe\Constellation PKM\Constellation Working Docs\BUG-015-target-NOTE_531D-corrupted-snapshot.md with '' sentinel, NOT stolen
[1786375767] [index_note] cid DUPLICATE (both files live): 20260424T063440Z_NOTE_531D also claimed by E:\Constellation Universes\Eisa Universe\Constellation PKM\Constellation Working Docs\BUG-015-source-NOTE_EE1E-snapshot.md — indexed E:\Constellation Universes\Eisa Universe\Constellation PKM\Constellation Working Docs\BUG-015-target-NOTE_531D-corrupted-snapshot.md with '' sentinel, NOT stolen
[1786375777] [index_note] cid DUPLICATE (both files live): 20260807T124701Z_NOTE_5C6D also claimed by E:\Constellation Universes\Eisa Universe\Constellation PKM\Constellation Working Docs\MIG-090-Plan-Notes-Navigator.md — indexed E:\Constellation Universes\Eisa Universe\Constellation PKM\Constellation Working Docs\README.md with '' sentinel, NOT stolen
[1786375777] [index_note] cid DUPLICATE (both files live): 20260807T124701Z_NOTE_5C6D also claimed by E:\Constellation Universes\Eisa Universe\Constellation PKM\Constellation Working Docs\MIG-090-Plan-Notes-Navigator.md — indexed E:\Constellation Universes\Eisa Universe\Constellation PKM\Constellation Working Docs\README.md with '' sentinel, NOT stolen
[1786375779] [search] mig003_step3_soft_rebackfill: stale=234 templates=0 reindexed=0 injected=0 dependent_rows=2689 still_empty=234 skipped_failed=0 errors=0 — elapsed=12.9938122s
[1786375779] [search] init_db: schema_versions.mig003_step4=1 (target 1) — Step 4 already done
[1786375779] [search] init_db: PRAGMA optimize completed (sqlite_stat1 refreshed)
[1786375780] [target_base_backfill] seek path warmed in 815 ms (ok=true)
[1786375780] [federation-prewarm] E:\Constellation Universes\كون عيسى\.constellation\search.db FTS5 optimize OK in 1ms (segid -1 → -1)
[1786375780] [link_life_restore] earned layer restored: 0 of 1 records written (0 already current, 1 no longer in the index, 0 ambiguous-skipped), 0 weights healed, 0 priorities restored (0 already current, 0 unresolved), 0 bad lines
[1786375780] [federation-prewarm] E:\Constellation Universes\Eisa Cognitive Knowledge\.constellation\search.db FTS5 optimize OK in 7ms (segid -1 → -1)
[1786375789] [reconcile] drift check: 0 changed on disk, 0 not in the index, 0 rows without a file, 9 from a linked universe (2109 files / 2730 rows seen, walk complete)
[1786375791] [props_reparse] FAILED (non-fatal): completeness check failed: 2 row(s) still carry the phantom signature — not stamping, the next boot re-runs
[1786375983] [rename-tail] scheduling tail old=E:\Constellation Universes\Eisa Universe\Constellation PKM\Hubla v2.md new=E:\Constellation Universes\Eisa Universe\Constellation PKM\Hubla v3.md
[1786375983] [rename-tail] START old=E:\Constellation Universes\Eisa Universe\Constellation PKM\Hubla v2.md new=E:\Constellation Universes\Eisa Universe\Constellation PKM\Hubla v3.md title 'Hubla v2'->'Hubla v3'
[1786375983] [rename-tail] reindex OK for E:\Constellation Universes\Eisa Universe\Constellation PKM\Hubla v3.md (lib Constellation PKM)
[1786375983] [rename-tail] END
[1786375983] [cascade-timing] federation-boundary-resolved at 0 ms
[1786375985] [cascade-timing] seek-query 2579 ms | freshness-map 2730 rows 2 ms
[1786375985] [cascade-timing] index-seek-and-freshness-map-done at 2585 ms
[1786375985] [cascade-timing] freshness-net-done (0 suspects) at 2634 ms
[1786375985] [cascade] path=SEEK candidates=1
[1786375986] [cascade-timing] rewrite-done at 2878 ms
[1786375986] [cascade-reindex] START 1 note(s): E:\Constellation Universes\Eisa Universe\Constellation PKM\Ztemp2.md
[1786375986] [cascade-reindex] END ok=1 failed=0 of 1
[1786385621] [search] init_db: PRAGMA user_version=1 (target 1) — rebuild skipped (already current)
[1786385621] [search] init_db: schema_versions.sky=10 (target 10) — sky current
[1786385621] [search] init_db: schema_versions.note_meta=1 (target 1) — MIG-003 Step 1 already done
[1786385621] [search] init_db: schema_versions.dependent_tables_mig003=1 (target 1) — Step 2 already done
[1786385625] [index_note] cid DUPLICATE (both files live): 20260606T113126Z_NOTE_5C9F also claimed by E:\Constellation Universes\Eisa Universe\كون عيسى\Five Acts\Observation — Recent Captures.md — indexed E:\Constellation Universes\Eisa Universe\كون عيسى 2\Five Acts\Observation — Recent Captures.md with '' sentinel, NOT stolen
[1786385625] [index_note] cid DUPLICATE (both files live): 20260606T113126Z_NOTE_5C9F also claimed by E:\Constellation Universes\Eisa Universe\كون عيسى\Five Acts\Observation — Recent Captures.md — indexed E:\Constellation Universes\Eisa Universe\كون عيسى 2\Five Acts\Observation — Recent Captures.md with '' sentinel, NOT stolen
[1786385625] [index_note] cid DUPLICATE (both files live): 20260329T000000Z_NOTE_4CC5 also claimed by E:\Constellation Universes\Eisa Universe\كون عيسى\Image Preview Test.md — indexed E:\Constellation Universes\Eisa Universe\كون عيسى 2\Image Preview Test.md with '' sentinel, NOT stolen
[1786385625] [index_note] cid DUPLICATE (both files live): 20260329T000000Z_NOTE_4CC5 also claimed by E:\Constellation Universes\Eisa Universe\كون عيسى\Image Preview Test.md — indexed E:\Constellation Universes\Eisa Universe\كون عيسى 2\Image Preview Test.md with '' sentinel, NOT stolen
[1786385625] [index_note] cid DUPLICATE (both files live): 20260325T000000Z_NOTE_1469 also claimed by E:\Constellation Universes\Eisa Universe\كون عيسى\تجربة 1.md — indexed E:\Constellation Universes\Eisa Universe\كون عيسى 2\تجربة 1.md with '' sentinel, NOT stolen
[1786385625] [index_note] cid DUPLICATE (both files live): 20260325T000000Z_NOTE_1469 also claimed by E:\Constellation Universes\Eisa Universe\كون عيسى\تجربة 1.md — indexed E:\Constellation Universes\Eisa Universe\كون عيسى 2\تجربة 1.md with '' sentinel, NOT stolen
[1786385625] [index_note] cid DUPLICATE (both files live): 20260324T000000Z_NOTE_DD20 also claimed by E:\Constellation Universes\Eisa Universe\كون عيسى\مثال1.md — indexed E:\Constellation Universes\Eisa Universe\كون عيسى 2\مثال1.md with '' sentinel, NOT stolen
[1786385626] [index_note] cid DUPLICATE (both files live): 20260324T000000Z_NOTE_DD20 also claimed by E:\Constellation Universes\Eisa Universe\كون عيسى\مثال1.md — indexed E:\Constellation Universes\Eisa Universe\كون عيسى 2\مثال1.md with '' sentinel, NOT stolen
[1786385626] [index_note] cid DUPLICATE (both files live): 20260606T113126Z_NOTE_5C9F also claimed by E:\Constellation Universes\Eisa Universe\كون عيسى\Five Acts\Observation — Recent Captures.md — indexed E:\Constellation Universes\Eisa Universe\كون عيسى 3\Five Acts\Observation — Recent Captures.md with '' sentinel, NOT stolen
[1786385626] [index_note] cid DUPLICATE (both files live): 20260606T113126Z_NOTE_5C9F also claimed by E:\Constellation Universes\Eisa Universe\كون عيسى\Five Acts\Observation — Recent Captures.md — indexed E:\Constellation Universes\Eisa Universe\كون عيسى 3\Five Acts\Observation — Recent Captures.md with '' sentinel, NOT stolen
[1786385626] [index_note] cid DUPLICATE (both files live): 20260329T000000Z_NOTE_4CC5 also claimed by E:\Constellation Universes\Eisa Universe\كون عيسى\Image Preview Test.md — indexed E:\Constellation Universes\Eisa Universe\كون عيسى 3\Image Preview Test.md with '' sentinel, NOT stolen
[1786385626] [index_note] cid DUPLICATE (both files live): 20260329T000000Z_NOTE_4CC5 also claimed by E:\Constellation Universes\Eisa Universe\كون عيسى\Image Preview Test.md — indexed E:\Constellation Universes\Eisa Universe\كون عيسى 3\Image Preview Test.md with '' sentinel, NOT stolen
[1786385626] [index_note] cid DUPLICATE (both files live): 20260325T000000Z_NOTE_1469 also claimed by E:\Constellation Universes\Eisa Universe\كون عيسى\تجربة 1.md — indexed E:\Constellation Universes\Eisa Universe\كون عيسى 3\تجربة 1.md with '' sentinel, NOT stolen
[1786385626] [index_note] cid DUPLICATE (both files live): 20260325T000000Z_NOTE_1469 also claimed by E:\Constellation Universes\Eisa Universe\كون عيسى\تجربة 1.md — indexed E:\Constellation Universes\Eisa Universe\كون عيسى 3\تجربة 1.md with '' sentinel, NOT stolen
[1786385626] [index_note] cid DUPLICATE (both files live): 20260324T000000Z_NOTE_DD20 also claimed by E:\Constellation Universes\Eisa Universe\كون عيسى\مثال1.md — indexed E:\Constellation Universes\Eisa Universe\كون عيسى 3\مثال1.md with '' sentinel, NOT stolen
[1786385626] [index_note] cid DUPLICATE (both files live): 20260324T000000Z_NOTE_DD20 also claimed by E:\Constellation Universes\Eisa Universe\كون عيسى\مثال1.md — indexed E:\Constellation Universes\Eisa Universe\كون عيسى 3\مثال1.md with '' sentinel, NOT stolen
[1786385626] [index_note] cid DUPLICATE (both files live): 20260424T063440Z_NOTE_531D also claimed by E:\Constellation Universes\Eisa Universe\Constellation PKM\Constellation Working Docs\BUG-015-source-NOTE_EE1E-snapshot.md — indexed E:\Constellation Universes\Eisa Universe\Constellation PKM\Constellation Working Docs\BUG-015-target-NOTE_531D-corrupted-snapshot.md with '' sentinel, NOT stolen
[1786385626] [index_note] cid DUPLICATE (both files live): 20260424T063440Z_NOTE_531D also claimed by E:\Constellation Universes\Eisa Universe\Constellation PKM\Constellation Working Docs\BUG-015-source-NOTE_EE1E-snapshot.md — indexed E:\Constellation Universes\Eisa Universe\Constellation PKM\Constellation Working Docs\BUG-015-target-NOTE_531D-corrupted-snapshot.md with '' sentinel, NOT stolen
[1786385643] [index_note] cid DUPLICATE (both files live): 20260807T124701Z_NOTE_5C6D also claimed by E:\Constellation Universes\Eisa Universe\Constellation PKM\Constellation Working Docs\MIG-090-Plan-Notes-Navigator.md — indexed E:\Constellation Universes\Eisa Universe\Constellation PKM\Constellation Working Docs\README.md with '' sentinel, NOT stolen
[1786385643] [index_note] cid DUPLICATE (both files live): 20260807T124701Z_NOTE_5C6D also claimed by E:\Constellation Universes\Eisa Universe\Constellation PKM\Constellation Working Docs\MIG-090-Plan-Notes-Navigator.md — indexed E:\Constellation Universes\Eisa Universe\Constellation PKM\Constellation Working Docs\README.md with '' sentinel, NOT stolen
[1786385645] [search] mig003_step3_soft_rebackfill: stale=234 templates=0 reindexed=0 injected=0 dependent_rows=2689 still_empty=234 skipped_failed=0 errors=0 — elapsed=21.263657s
[1786385645] [search] init_db: schema_versions.mig003_step4=1 (target 1) — Step 4 already done
[1786385645] [search] init_db: PRAGMA optimize completed (sqlite_stat1 refreshed)
[1786385646] [link_life_restore] earned layer restored: 0 of 1 records written (0 already current, 1 no longer in the index, 0 ambiguous-skipped), 0 weights healed, 0 priorities restored (0 already current, 0 unresolved), 0 bad lines
[1786385647] [federation-prewarm] E:\Constellation Universes\كون عيسى\.constellation\search.db FTS5 optimize OK in 6ms (segid -1 → -1)
[1786385647] [federation-prewarm] E:\Constellation Universes\Eisa Cognitive Knowledge\.constellation\search.db FTS5 optimize OK in 7ms (segid -1 → -1)
[1786385662] [reconcile] drift check: 0 changed on disk, 0 not in the index, 0 rows without a file, 9 from a linked universe (2109 files / 2730 rows seen, walk complete)
[1786385663] [props_reparse] FAILED (non-fatal): completeness check failed: 2 row(s) still carry the phantom signature — not stamping, the next boot re-runs
[1786385666] [target_base_backfill] completed: 0 rows updated
[1786385666] [link_boot_index] idx_link_boot built + stamped
[1786385666] [target_base_backfill] seek path warmed in 17 ms
[1786385693] [search] init_db: PRAGMA user_version=1 (target 1) — rebuild skipped (already current)
[1786385693] [search] init_db: schema_versions.sky=10 (target 10) — sky current
[1786385693] [search] init_db: schema_versions.note_meta=1 (target 1) — MIG-003 Step 1 already done
[1786385693] [search] init_db: schema_versions.dependent_tables_mig003=1 (target 1) — Step 2 already done
[1786385694] [index_note] cid DUPLICATE (both files live): 20260606T113126Z_NOTE_5C9F also claimed by E:\Constellation Universes\Eisa Universe\كون عيسى\Five Acts\Observation — Recent Captures.md — indexed E:\Constellation Universes\Eisa Universe\كون عيسى 2\Five Acts\Observation — Recent Captures.md with '' sentinel, NOT stolen
[1786385694] [index_note] cid DUPLICATE (both files live): 20260606T113126Z_NOTE_5C9F also claimed by E:\Constellation Universes\Eisa Universe\كون عيسى\Five Acts\Observation — Recent Captures.md — indexed E:\Constellation Universes\Eisa Universe\كون عيسى 2\Five Acts\Observation — Recent Captures.md with '' sentinel, NOT stolen
[1786385694] [index_note] cid DUPLICATE (both files live): 20260329T000000Z_NOTE_4CC5 also claimed by E:\Constellation Universes\Eisa Universe\كون عيسى\Image Preview Test.md — indexed E:\Constellation Universes\Eisa Universe\كون عيسى 2\Image Preview Test.md with '' sentinel, NOT stolen
[1786385694] [index_note] cid DUPLICATE (both files live): 20260329T000000Z_NOTE_4CC5 also claimed by E:\Constellation Universes\Eisa Universe\كون عيسى\Image Preview Test.md — indexed E:\Constellation Universes\Eisa Universe\كون عيسى 2\Image Preview Test.md with '' sentinel, NOT stolen
[1786385694] [index_note] cid DUPLICATE (both files live): 20260325T000000Z_NOTE_1469 also claimed by E:\Constellation Universes\Eisa Universe\كون عيسى\تجربة 1.md — indexed E:\Constellation Universes\Eisa Universe\كون عيسى 2\تجربة 1.md with '' sentinel, NOT stolen
[1786385694] [index_note] cid DUPLICATE (both files live): 20260325T000000Z_NOTE_1469 also claimed by E:\Constellation Universes\Eisa Universe\كون عيسى\تجربة 1.md — indexed E:\Constellation Universes\Eisa Universe\كون عيسى 2\تجربة 1.md with '' sentinel, NOT stolen
[1786385694] [index_note] cid DUPLICATE (both files live): 20260324T000000Z_NOTE_DD20 also claimed by E:\Constellation Universes\Eisa Universe\كون عيسى\مثال1.md — indexed E:\Constellation Universes\Eisa Universe\كون عيسى 2\مثال1.md with '' sentinel, NOT stolen
[1786385694] [index_note] cid DUPLICATE (both files live): 20260324T000000Z_NOTE_DD20 also claimed by E:\Constellation Universes\Eisa Universe\كون عيسى\مثال1.md — indexed E:\Constellation Universes\Eisa Universe\كون عيسى 2\مثال1.md with '' sentinel, NOT stolen
[1786385694] [index_note] cid DUPLICATE (both files live): 20260606T113126Z_NOTE_5C9F also claimed by E:\Constellation Universes\Eisa Universe\كون عيسى\Five Acts\Observation — Recent Captures.md — indexed E:\Constellation Universes\Eisa Universe\كون عيسى 3\Five Acts\Observation — Recent Captures.md with '' sentinel, NOT stolen
[1786385694] [index_note] cid DUPLICATE (both files live): 20260606T113126Z_NOTE_5C9F also claimed by E:\Constellation Universes\Eisa Universe\كون عيسى\Five Acts\Observation — Recent Captures.md — indexed E:\Constellation Universes\Eisa Universe\كون عيسى 3\Five Acts\Observation — Recent Captures.md with '' sentinel, NOT stolen
[1786385694] [index_note] cid DUPLICATE (both files live): 20260329T000000Z_NOTE_4CC5 also claimed by E:\Constellation Universes\Eisa Universe\كون عيسى\Image Preview Test.md — indexed E:\Constellation Universes\Eisa Universe\كون عيسى 3\Image Preview Test.md with '' sentinel, NOT stolen
[1786385694] [index_note] cid DUPLICATE (both files live): 20260329T000000Z_NOTE_4CC5 also claimed by E:\Constellation Universes\Eisa Universe\كون عيسى\Image Preview Test.md — indexed E:\Constellation Universes\Eisa Universe\كون عيسى 3\Image Preview Test.md with '' sentinel, NOT stolen
[1786385694] [index_note] cid DUPLICATE (both files live): 20260325T000000Z_NOTE_1469 also claimed by E:\Constellation Universes\Eisa Universe\كون عيسى\تجربة 1.md — indexed E:\Constellation Universes\Eisa Universe\كون عيسى 3\تجربة 1.md with '' sentinel, NOT stolen
[1786385694] [index_note] cid DUPLICATE (both files live): 20260325T000000Z_NOTE_1469 also claimed by E:\Constellation Universes\Eisa Universe\كون عيسى\تجربة 1.md — indexed E:\Constellation Universes\Eisa Universe\كون عيسى 3\تجربة 1.md with '' sentinel, NOT stolen
[1786385694] [index_note] cid DUPLICATE (both files live): 20260324T000000Z_NOTE_DD20 also claimed by E:\Constellation Universes\Eisa Universe\كون عيسى\مثال1.md — indexed E:\Constellation Universes\Eisa Universe\كون عيسى 3\مثال1.md with '' sentinel, NOT stolen
[1786385694] [index_note] cid DUPLICATE (both files live): 20260324T000000Z_NOTE_DD20 also claimed by E:\Constellation Universes\Eisa Universe\كون عيسى\مثال1.md — indexed E:\Constellation Universes\Eisa Universe\كون عيسى 3\مثال1.md with '' sentinel, NOT stolen
[1786385694] [index_note] cid DUPLICATE (both files live): 20260424T063440Z_NOTE_531D also claimed by E:\Constellation Universes\Eisa Universe\Constellation PKM\Constellation Working Docs\BUG-015-source-NOTE_EE1E-snapshot.md — indexed E:\Constellation Universes\Eisa Universe\Constellation PKM\Constellation Working Docs\BUG-015-target-NOTE_531D-corrupted-snapshot.md with '' sentinel, NOT stolen
[1786385694] [index_note] cid DUPLICATE (both files live): 20260424T063440Z_NOTE_531D also claimed by E:\Constellation Universes\Eisa Universe\Constellation PKM\Constellation Working Docs\BUG-015-source-NOTE_EE1E-snapshot.md — indexed E:\Constellation Universes\Eisa Universe\Constellation PKM\Constellation Working Docs\BUG-015-target-NOTE_531D-corrupted-snapshot.md with '' sentinel, NOT stolen
[1786385704] [index_note] cid DUPLICATE (both files live): 20260807T124701Z_NOTE_5C6D also claimed by E:\Constellation Universes\Eisa Universe\Constellation PKM\Constellation Working Docs\MIG-090-Plan-Notes-Navigator.md — indexed E:\Constellation Universes\Eisa Universe\Constellation PKM\Constellation Working Docs\README.md with '' sentinel, NOT stolen
[1786385704] [index_note] cid DUPLICATE (both files live): 20260807T124701Z_NOTE_5C6D also claimed by E:\Constellation Universes\Eisa Universe\Constellation PKM\Constellation Working Docs\MIG-090-Plan-Notes-Navigator.md — indexed E:\Constellation Universes\Eisa Universe\Constellation PKM\Constellation Working Docs\README.md with '' sentinel, NOT stolen
[1786385706] [search] mig003_step3_soft_rebackfill: stale=234 templates=0 reindexed=0 injected=0 dependent_rows=2689 still_empty=234 skipped_failed=0 errors=0 — elapsed=12.3908679s
[1786385706] [search] init_db: schema_versions.mig003_step4=1 (target 1) — Step 4 already done
[1786385706] [search] init_db: PRAGMA optimize completed (sqlite_stat1 refreshed)
[1786385707] [target_base_backfill] seek path warmed in 102 ms
[1786385707] [link_life_restore] earned layer restored: 0 of 1 records written (0 already current, 1 no longer in the index, 0 ambiguous-skipped), 0 weights healed, 0 priorities restored (0 already current, 0 unresolved), 0 bad lines
[1786385708] [federation-prewarm] E:\Constellation Universes\كون عيسى\.constellation\search.db FTS5 optimize OK in 34ms (segid -1 → -1)
[1786385708] [federation-prewarm] E:\Constellation Universes\Eisa Cognitive Knowledge\.constellation\search.db FTS5 optimize OK in 18ms (segid -1 → -1)
[1786385715] [reconcile] drift check: 0 changed on disk, 0 not in the index, 0 rows without a file, 9 from a linked universe (2109 files / 2730 rows seen, walk complete)
[1786385716] [props_reparse] FAILED (non-fatal): completeness check failed: 2 row(s) still carry the phantom signature — not stamping, the next boot re-runs
[1786385872] [rename-tail] scheduling tail old=E:\Constellation Universes\Eisa Universe\Constellation PKM\Ztemp2.md new=E:\Constellation Universes\Eisa Universe\Constellation PKM\Ztemp3.md
[1786385872] [rename-tail] START old=E:\Constellation Universes\Eisa Universe\Constellation PKM\Ztemp2.md new=E:\Constellation Universes\Eisa Universe\Constellation PKM\Ztemp3.md title 'Ztemp2'->'Ztemp3'
[1786385872] [cascade-timing] federation-boundary-resolved at 0 ms
[1786385873] [cascade-timing] seek-query 62 ms | freshness-map 2730 rows 77 ms
[1786385873] [cascade-timing] index-seek-and-freshness-map-done at 159 ms
[1786385873] [rename-tail] reindex OK for E:\Constellation Universes\Eisa Universe\Constellation PKM\Ztemp3.md (lib Constellation PKM)
[1786385873] [rename-tail] END
[1786385874] [cascade-timing] freshness-net-done (1 suspects) at 1601 ms
[1786385874] [cascade] path=SEEK candidates=1
[1786385874] [cascade-timing] rewrite-done at 1673 ms
[1786387562] [search] init_db: PRAGMA user_version=1 (target 1) — rebuild skipped (already current)
[1786387563] [search] init_db: schema_versions.sky=10 (target 10) — sky current
[1786387563] [search] init_db: schema_versions.note_meta=1 (target 1) — MIG-003 Step 1 already done
[1786387570] [search] init_db: schema_versions.dependent_tables_mig003=1 (target 1) — Step 2 already done
[1786387594] [index_note] cid DUPLICATE (both files live): 20260606T113126Z_NOTE_5C9F also claimed by E:\Constellation Universes\Eisa Universe\كون عيسى\Five Acts\Observation — Recent Captures.md — indexed E:\Constellation Universes\Eisa Universe\كون عيسى 2\Five Acts\Observation — Recent Captures.md with '' sentinel, NOT stolen
[1786387594] [index_note] cid DUPLICATE (both files live): 20260606T113126Z_NOTE_5C9F also claimed by E:\Constellation Universes\Eisa Universe\كون عيسى\Five Acts\Observation — Recent Captures.md — indexed E:\Constellation Universes\Eisa Universe\كون عيسى 2\Five Acts\Observation — Recent Captures.md with '' sentinel, NOT stolen
[1786387594] [index_note] cid DUPLICATE (both files live): 20260329T000000Z_NOTE_4CC5 also claimed by E:\Constellation Universes\Eisa Universe\كون عيسى\Image Preview Test.md — indexed E:\Constellation Universes\Eisa Universe\كون عيسى 2\Image Preview Test.md with '' sentinel, NOT stolen
[1786387595] [index_note] cid DUPLICATE (both files live): 20260329T000000Z_NOTE_4CC5 also claimed by E:\Constellation Universes\Eisa Universe\كون عيسى\Image Preview Test.md — indexed E:\Constellation Universes\Eisa Universe\كون عيسى 2\Image Preview Test.md with '' sentinel, NOT stolen
[1786387596] [index_note] cid DUPLICATE (both files live): 20260325T000000Z_NOTE_1469 also claimed by E:\Constellation Universes\Eisa Universe\كون عيسى\تجربة 1.md — indexed E:\Constellation Universes\Eisa Universe\كون عيسى 2\تجربة 1.md with '' sentinel, NOT stolen
[1786387596] [index_note] cid DUPLICATE (both files live): 20260325T000000Z_NOTE_1469 also claimed by E:\Constellation Universes\Eisa Universe\كون عيسى\تجربة 1.md — indexed E:\Constellation Universes\Eisa Universe\كون عيسى 2\تجربة 1.md with '' sentinel, NOT stolen
[1786387596] [index_note] cid DUPLICATE (both files live): 20260324T000000Z_NOTE_DD20 also claimed by E:\Constellation Universes\Eisa Universe\كون عيسى\مثال1.md — indexed E:\Constellation Universes\Eisa Universe\كون عيسى 2\مثال1.md with '' sentinel, NOT stolen
[1786387596] [index_note] cid DUPLICATE (both files live): 20260324T000000Z_NOTE_DD20 also claimed by E:\Constellation Universes\Eisa Universe\كون عيسى\مثال1.md — indexed E:\Constellation Universes\Eisa Universe\كون عيسى 2\مثال1.md with '' sentinel, NOT stolen
[1786387597] [index_note] cid DUPLICATE (both files live): 20260606T113126Z_NOTE_5C9F also claimed by E:\Constellation Universes\Eisa Universe\كون عيسى\Five Acts\Observation — Recent Captures.md — indexed E:\Constellation Universes\Eisa Universe\كون عيسى 3\Five Acts\Observation — Recent Captures.md with '' sentinel, NOT stolen
[1786387597] [index_note] cid DUPLICATE (both files live): 20260606T113126Z_NOTE_5C9F also claimed by E:\Constellation Universes\Eisa Universe\كون عيسى\Five Acts\Observation — Recent Captures.md — indexed E:\Constellation Universes\Eisa Universe\كون عيسى 3\Five Acts\Observation — Recent Captures.md with '' sentinel, NOT stolen
[1786387597] [index_note] cid DUPLICATE (both files live): 20260329T000000Z_NOTE_4CC5 also claimed by E:\Constellation Universes\Eisa Universe\كون عيسى\Image Preview Test.md — indexed E:\Constellation Universes\Eisa Universe\كون عيسى 3\Image Preview Test.md with '' sentinel, NOT stolen
[1786387597] [index_note] cid DUPLICATE (both files live): 20260329T000000Z_NOTE_4CC5 also claimed by E:\Constellation Universes\Eisa Universe\كون عيسى\Image Preview Test.md — indexed E:\Constellation Universes\Eisa Universe\كون عيسى 3\Image Preview Test.md with '' sentinel, NOT stolen
[1786387598] [index_note] cid DUPLICATE (both files live): 20260325T000000Z_NOTE_1469 also claimed by E:\Constellation Universes\Eisa Universe\كون عيسى\تجربة 1.md — indexed E:\Constellation Universes\Eisa Universe\كون عيسى 3\تجربة 1.md with '' sentinel, NOT stolen
[1786387598] [index_note] cid DUPLICATE (both files live): 20260325T000000Z_NOTE_1469 also claimed by E:\Constellation Universes\Eisa Universe\كون عيسى\تجربة 1.md — indexed E:\Constellation Universes\Eisa Universe\كون عيسى 3\تجربة 1.md with '' sentinel, NOT stolen
[1786387598] [index_note] cid DUPLICATE (both files live): 20260324T000000Z_NOTE_DD20 also claimed by E:\Constellation Universes\Eisa Universe\كون عيسى\مثال1.md — indexed E:\Constellation Universes\Eisa Universe\كون عيسى 3\مثال1.md with '' sentinel, NOT stolen
[1786387598] [index_note] cid DUPLICATE (both files live): 20260324T000000Z_NOTE_DD20 also claimed by E:\Constellation Universes\Eisa Universe\كون عيسى\مثال1.md — indexed E:\Constellation Universes\Eisa Universe\كون عيسى 3\مثال1.md with '' sentinel, NOT stolen
[1786387599] [index_note] cid DUPLICATE (both files live): 20260424T063440Z_NOTE_531D also claimed by E:\Constellation Universes\Eisa Universe\Constellation PKM\Constellation Working Docs\BUG-015-source-NOTE_EE1E-snapshot.md — indexed E:\Constellation Universes\Eisa Universe\Constellation PKM\Constellation Working Docs\BUG-015-target-NOTE_531D-corrupted-snapshot.md with '' sentinel, NOT stolen
[1786387602] [index_note] cid DUPLICATE (both files live): 20260424T063440Z_NOTE_531D also claimed by E:\Constellation Universes\Eisa Universe\Constellation PKM\Constellation Working Docs\BUG-015-source-NOTE_EE1E-snapshot.md — indexed E:\Constellation Universes\Eisa Universe\Constellation PKM\Constellation Working Docs\BUG-015-target-NOTE_531D-corrupted-snapshot.md with '' sentinel, NOT stolen
[1786387701] [index_note] cid DUPLICATE (both files live): 20260807T124701Z_NOTE_5C6D also claimed by E:\Constellation Universes\Eisa Universe\Constellation PKM\Constellation Working Docs\MIG-090-Plan-Notes-Navigator.md — indexed E:\Constellation Universes\Eisa Universe\Constellation PKM\Constellation Working Docs\README.md with '' sentinel, NOT stolen
[1786387702] [index_note] cid DUPLICATE (both files live): 20260807T124701Z_NOTE_5C6D also claimed by E:\Constellation Universes\Eisa Universe\Constellation PKM\Constellation Working Docs\MIG-090-Plan-Notes-Navigator.md — indexed E:\Constellation Universes\Eisa Universe\Constellation PKM\Constellation Working Docs\README.md with '' sentinel, NOT stolen
[1786387711] [search] mig003_step3_soft_rebackfill: stale=234 templates=0 reindexed=0 injected=0 dependent_rows=2689 still_empty=234 skipped_failed=0 errors=0 — elapsed=131.7313805s
[1786387711] [search] init_db: schema_versions.mig003_step4=1 (target 1) — Step 4 already done
[1786387711] [search] init_db: PRAGMA optimize completed (sqlite_stat1 refreshed)
[1786387717] [target_base_backfill] seek path warmed in 522 ms
[1786387720] [link_life_restore] earned layer restored: 0 of 1 records written (0 already current, 1 no longer in the index, 0 ambiguous-skipped), 0 weights healed, 0 priorities restored (0 already current, 0 unresolved), 0 bad lines
[1786411161] [search] init_db: PRAGMA user_version=1 (target 1) — rebuild skipped (already current)
[1786411161] [search] init_db: schema_versions.sky=10 (target 10) — sky current
[1786411161] [search] init_db: schema_versions.note_meta=1 (target 1) — MIG-003 Step 1 already done
[1786411161] [search] init_db: schema_versions.dependent_tables_mig003=1 (target 1) — Step 2 already done
[1786411162] [index_note] cid DUPLICATE (both files live): 20260606T113126Z_NOTE_5C9F also claimed by E:\Constellation Universes\Eisa Universe\كون عيسى\Five Acts\Observation — Recent Captures.md — indexed E:\Constellation Universes\Eisa Universe\كون عيسى 2\Five Acts\Observation — Recent Captures.md with '' sentinel, NOT stolen
[1786411162] [index_note] cid DUPLICATE (both files live): 20260606T113126Z_NOTE_5C9F also claimed by E:\Constellation Universes\Eisa Universe\كون عيسى\Five Acts\Observation — Recent Captures.md — indexed E:\Constellation Universes\Eisa Universe\كون عيسى 2\Five Acts\Observation — Recent Captures.md with '' sentinel, NOT stolen
[1786411162] [index_note] cid DUPLICATE (both files live): 20260329T000000Z_NOTE_4CC5 also claimed by E:\Constellation Universes\Eisa Universe\كون عيسى\Image Preview Test.md — indexed E:\Constellation Universes\Eisa Universe\كون عيسى 2\Image Preview Test.md with '' sentinel, NOT stolen
[1786411162] [index_note] cid DUPLICATE (both files live): 20260329T000000Z_NOTE_4CC5 also claimed by E:\Constellation Universes\Eisa Universe\كون عيسى\Image Preview Test.md — indexed E:\Constellation Universes\Eisa Universe\كون عيسى 2\Image Preview Test.md with '' sentinel, NOT stolen
[1786411163] [index_note] cid DUPLICATE (both files live): 20260325T000000Z_NOTE_1469 also claimed by E:\Constellation Universes\Eisa Universe\كون عيسى\تجربة 1.md — indexed E:\Constellation Universes\Eisa Universe\كون عيسى 2\تجربة 1.md with '' sentinel, NOT stolen
[1786411163] [index_note] cid DUPLICATE (both files live): 20260325T000000Z_NOTE_1469 also claimed by E:\Constellation Universes\Eisa Universe\كون عيسى\تجربة 1.md — indexed E:\Constellation Universes\Eisa Universe\كون عيسى 2\تجربة 1.md with '' sentinel, NOT stolen
[1786411163] [index_note] cid DUPLICATE (both files live): 20260324T000000Z_NOTE_DD20 also claimed by E:\Constellation Universes\Eisa Universe\كون عيسى\مثال1.md — indexed E:\Constellation Universes\Eisa Universe\كون عيسى 2\مثال1.md with '' sentinel, NOT stolen
[1786411163] [index_note] cid DUPLICATE (both files live): 20260324T000000Z_NOTE_DD20 also claimed by E:\Constellation Universes\Eisa Universe\كون عيسى\مثال1.md — indexed E:\Constellation Universes\Eisa Universe\كون عيسى 2\مثال1.md with '' sentinel, NOT stolen
[1786411163] [index_note] cid DUPLICATE (both files live): 20260606T113126Z_NOTE_5C9F also claimed by E:\Constellation Universes\Eisa Universe\كون عيسى\Five Acts\Observation — Recent Captures.md — indexed E:\Constellation Universes\Eisa Universe\كون عيسى 3\Five Acts\Observation — Recent Captures.md with '' sentinel, NOT stolen
[1786411163] [index_note] cid DUPLICATE (both files live): 20260606T113126Z_NOTE_5C9F also claimed by E:\Constellation Universes\Eisa Universe\كون عيسى\Five Acts\Observation — Recent Captures.md — indexed E:\Constellation Universes\Eisa Universe\كون عيسى 3\Five Acts\Observation — Recent Captures.md with '' sentinel, NOT stolen
[1786411163] [index_note] cid DUPLICATE (both files live): 20260329T000000Z_NOTE_4CC5 also claimed by E:\Constellation Universes\Eisa Universe\كون عيسى\Image Preview Test.md — indexed E:\Constellation Universes\Eisa Universe\كون عيسى 3\Image Preview Test.md with '' sentinel, NOT stolen
[1786411163] [index_note] cid DUPLICATE (both files live): 20260329T000000Z_NOTE_4CC5 also claimed by E:\Constellation Universes\Eisa Universe\كون عيسى\Image Preview Test.md — indexed E:\Constellation Universes\Eisa Universe\كون عيسى 3\Image Preview Test.md with '' sentinel, NOT stolen
[1786411163] [index_note] cid DUPLICATE (both files live): 20260325T000000Z_NOTE_1469 also claimed by E:\Constellation Universes\Eisa Universe\كون عيسى\تجربة 1.md — indexed E:\Constellation Universes\Eisa Universe\كون عيسى 3\تجربة 1.md with '' sentinel, NOT stolen
[1786411163] [index_note] cid DUPLICATE (both files live): 20260325T000000Z_NOTE_1469 also claimed by E:\Constellation Universes\Eisa Universe\كون عيسى\تجربة 1.md — indexed E:\Constellation Universes\Eisa Universe\كون عيسى 3\تجربة 1.md with '' sentinel, NOT stolen
[1786411163] [index_note] cid DUPLICATE (both files live): 20260324T000000Z_NOTE_DD20 also claimed by E:\Constellation Universes\Eisa Universe\كون عيسى\مثال1.md — indexed E:\Constellation Universes\Eisa Universe\كون عيسى 3\مثال1.md with '' sentinel, NOT stolen
[1786411163] [index_note] cid DUPLICATE (both files live): 20260324T000000Z_NOTE_DD20 also claimed by E:\Constellation Universes\Eisa Universe\كون عيسى\مثال1.md — indexed E:\Constellation Universes\Eisa Universe\كون عيسى 3\مثال1.md with '' sentinel, NOT stolen
[1786411163] [index_note] cid DUPLICATE (both files live): 20260424T063440Z_NOTE_531D also claimed by E:\Constellation Universes\Eisa Universe\Constellation PKM\Constellation Working Docs\BUG-015-source-NOTE_EE1E-snapshot.md — indexed E:\Constellation Universes\Eisa Universe\Constellation PKM\Constellation Working Docs\BUG-015-target-NOTE_531D-corrupted-snapshot.md with '' sentinel, NOT stolen
[1786411163] [index_note] cid DUPLICATE (both files live): 20260424T063440Z_NOTE_531D also claimed by E:\Constellation Universes\Eisa Universe\Constellation PKM\Constellation Working Docs\BUG-015-source-NOTE_EE1E-snapshot.md — indexed E:\Constellation Universes\Eisa Universe\Constellation PKM\Constellation Working Docs\BUG-015-target-NOTE_531D-corrupted-snapshot.md with '' sentinel, NOT stolen
[1786411172] [index_note] cid DUPLICATE (both files live): 20260807T124701Z_NOTE_5C6D also claimed by E:\Constellation Universes\Eisa Universe\Constellation PKM\Constellation Working Docs\MIG-090-Plan-Notes-Navigator.md — indexed E:\Constellation Universes\Eisa Universe\Constellation PKM\Constellation Working Docs\README.md with '' sentinel, NOT stolen
[1786411172] [index_note] cid DUPLICATE (both files live): 20260807T124701Z_NOTE_5C6D also claimed by E:\Constellation Universes\Eisa Universe\Constellation PKM\Constellation Working Docs\MIG-090-Plan-Notes-Navigator.md — indexed E:\Constellation Universes\Eisa Universe\Constellation PKM\Constellation Working Docs\README.md with '' sentinel, NOT stolen
[1786411173] [search] mig003_step3_soft_rebackfill: stale=234 templates=0 reindexed=0 injected=0 dependent_rows=2689 still_empty=234 skipped_failed=0 errors=0 — elapsed=11.076039s
[1786411173] [search] init_db: schema_versions.mig003_step4=1 (target 1) — Step 4 already done
[1786411173] [search] init_db: PRAGMA optimize completed (sqlite_stat1 refreshed)
[1786411173] [target_base_backfill] seek path warmed in 31 ms
[1786411174] [link_life_restore] earned layer restored: 0 of 1 records written (0 already current, 1 no longer in the index, 0 ambiguous-skipped), 0 weights healed, 0 priorities restored (0 already current, 0 unresolved), 0 bad lines
[1786411175] [federation-prewarm] E:\Constellation Universes\كون عيسى\.constellation\search.db FTS5 optimize OK in 0ms (segid -1 → -1)
[1786411175] [federation-prewarm] E:\Constellation Universes\Eisa Cognitive Knowledge\.constellation\search.db FTS5 optimize OK in 7ms (segid -1 → -1)
[1786411181] [reconcile] drift check: 0 changed on disk, 0 not in the index, 0 rows without a file, 9 from a linked universe (2109 files / 2730 rows seen, walk complete)
[1786411181] [props_reparse] FAILED (non-fatal): completeness check failed: 2 row(s) still carry the phantom signature — not stamping, the next boot re-runs
[1786411251] [rename-tail] scheduling tail old=E:\Constellation Universes\Eisa Universe\Constellation PKM\Zarquon Renamed.md new=E:\Constellation Universes\Eisa Universe\Constellation PKM\Zarquon Renamed v2.md
[1786411251] [rename-tail] START old=E:\Constellation Universes\Eisa Universe\Constellation PKM\Zarquon Renamed.md new=E:\Constellation Universes\Eisa Universe\Constellation PKM\Zarquon Renamed v2.md title 'Zarquon Renamed'->'Zarquon Renamed v2'
[1786411251] [cascade-timing] federation-boundary-resolved at 0 ms
[1786411251] [cascade-timing] seek-query 20 ms | freshness-map 2730 rows 2 ms
[1786411251] [cascade-timing] index-seek-and-freshness-map-done at 24 ms
[1786411251] [rename-tail] reindex OK for E:\Constellation Universes\Eisa Universe\Constellation PKM\Zarquon Renamed v2.md (lib Constellation PKM)
[1786411251] [rename-tail] END
[1786411251] [cascade-timing] freshness-net-done (1 suspects) [382 dirs, 2109 .md (0 unknown, 1 drifted) | read_dir 16 ms | metadata 0 ms] at 71 ms
[1786411251] [cascade] path=SEEK candidates=2
[1786411252] [cascade-timing] rewrite-done at 216 ms
[1786411252] [cascade-reindex] START 1 note(s): E:\Constellation Universes\Eisa Universe\Constellation PKM\Blorptide v2.md
[1786411252] [cascade-reindex] END ok=1 failed=0 of 1
[1786425589] [search] init_db: PRAGMA user_version=1 (target 1) — rebuild skipped (already current)
[1786425589] [search] init_db: schema_versions.sky=10 (target 10) — sky current
[1786425589] [search] init_db: schema_versions.note_meta=1 (target 1) — MIG-003 Step 1 already done
[1786425589] [search] init_db: schema_versions.dependent_tables_mig003=1 (target 1) — Step 2 already done
[1786425592] [index_note] cid DUPLICATE (both files live): 20260606T113126Z_NOTE_5C9F also claimed by E:\Constellation Universes\Eisa Universe\كون عيسى\Five Acts\Observation — Recent Captures.md — indexed E:\Constellation Universes\Eisa Universe\كون عيسى 2\Five Acts\Observation — Recent Captures.md with '' sentinel, NOT stolen
[1786425592] [index_note] cid DUPLICATE (both files live): 20260606T113126Z_NOTE_5C9F also claimed by E:\Constellation Universes\Eisa Universe\كون عيسى\Five Acts\Observation — Recent Captures.md — indexed E:\Constellation Universes\Eisa Universe\كون عيسى 2\Five Acts\Observation — Recent Captures.md with '' sentinel, NOT stolen
[1786425592] [index_note] cid DUPLICATE (both files live): 20260329T000000Z_NOTE_4CC5 also claimed by E:\Constellation Universes\Eisa Universe\كون عيسى\Image Preview Test.md — indexed E:\Constellation Universes\Eisa Universe\كون عيسى 2\Image Preview Test.md with '' sentinel, NOT stolen
[1786425592] [index_note] cid DUPLICATE (both files live): 20260329T000000Z_NOTE_4CC5 also claimed by E:\Constellation Universes\Eisa Universe\كون عيسى\Image Preview Test.md — indexed E:\Constellation Universes\Eisa Universe\كون عيسى 2\Image Preview Test.md with '' sentinel, NOT stolen
[1786425592] [index_note] cid DUPLICATE (both files live): 20260325T000000Z_NOTE_1469 also claimed by E:\Constellation Universes\Eisa Universe\كون عيسى\تجربة 1.md — indexed E:\Constellation Universes\Eisa Universe\كون عيسى 2\تجربة 1.md with '' sentinel, NOT stolen
[1786425592] [index_note] cid DUPLICATE (both files live): 20260325T000000Z_NOTE_1469 also claimed by E:\Constellation Universes\Eisa Universe\كون عيسى\تجربة 1.md — indexed E:\Constellation Universes\Eisa Universe\كون عيسى 2\تجربة 1.md with '' sentinel, NOT stolen
[1786425592] [index_note] cid DUPLICATE (both files live): 20260324T000000Z_NOTE_DD20 also claimed by E:\Constellation Universes\Eisa Universe\كون عيسى\مثال1.md — indexed E:\Constellation Universes\Eisa Universe\كون عيسى 2\مثال1.md with '' sentinel, NOT stolen
[1786425593] [index_note] cid DUPLICATE (both files live): 20260324T000000Z_NOTE_DD20 also claimed by E:\Constellation Universes\Eisa Universe\كون عيسى\مثال1.md — indexed E:\Constellation Universes\Eisa Universe\كون عيسى 2\مثال1.md with '' sentinel, NOT stolen
[1786425593] [index_note] cid DUPLICATE (both files live): 20260606T113126Z_NOTE_5C9F also claimed by E:\Constellation Universes\Eisa Universe\كون عيسى\Five Acts\Observation — Recent Captures.md — indexed E:\Constellation Universes\Eisa Universe\كون عيسى 3\Five Acts\Observation — Recent Captures.md with '' sentinel, NOT stolen
[1786425593] [index_note] cid DUPLICATE (both files live): 20260606T113126Z_NOTE_5C9F also claimed by E:\Constellation Universes\Eisa Universe\كون عيسى\Five Acts\Observation — Recent Captures.md — indexed E:\Constellation Universes\Eisa Universe\كون عيسى 3\Five Acts\Observation — Recent Captures.md with '' sentinel, NOT stolen
[1786425593] [index_note] cid DUPLICATE (both files live): 20260329T000000Z_NOTE_4CC5 also claimed by E:\Constellation Universes\Eisa Universe\كون عيسى\Image Preview Test.md — indexed E:\Constellation Universes\Eisa Universe\كون عيسى 3\Image Preview Test.md with '' sentinel, NOT stolen
[1786425593] [index_note] cid DUPLICATE (both files live): 20260329T000000Z_NOTE_4CC5 also claimed by E:\Constellation Universes\Eisa Universe\كون عيسى\Image Preview Test.md — indexed E:\Constellation Universes\Eisa Universe\كون عيسى 3\Image Preview Test.md with '' sentinel, NOT stolen
[1786425593] [index_note] cid DUPLICATE (both files live): 20260325T000000Z_NOTE_1469 also claimed by E:\Constellation Universes\Eisa Universe\كون عيسى\تجربة 1.md — indexed E:\Constellation Universes\Eisa Universe\كون عيسى 3\تجربة 1.md with '' sentinel, NOT stolen
[1786425593] [index_note] cid DUPLICATE (both files live): 20260325T000000Z_NOTE_1469 also claimed by E:\Constellation Universes\Eisa Universe\كون عيسى\تجربة 1.md — indexed E:\Constellation Universes\Eisa Universe\كون عيسى 3\تجربة 1.md with '' sentinel, NOT stolen
[1786425593] [index_note] cid DUPLICATE (both files live): 20260324T000000Z_NOTE_DD20 also claimed by E:\Constellation Universes\Eisa Universe\كون عيسى\مثال1.md — indexed E:\Constellation Universes\Eisa Universe\كون عيسى 3\مثال1.md with '' sentinel, NOT stolen
[1786425593] [index_note] cid DUPLICATE (both files live): 20260324T000000Z_NOTE_DD20 also claimed by E:\Constellation Universes\Eisa Universe\كون عيسى\مثال1.md — indexed E:\Constellation Universes\Eisa Universe\كون عيسى 3\مثال1.md with '' sentinel, NOT stolen
[1786425593] [index_note] cid DUPLICATE (both files live): 20260424T063440Z_NOTE_531D also claimed by E:\Constellation Universes\Eisa Universe\Constellation PKM\Constellation Working Docs\BUG-015-source-NOTE_EE1E-snapshot.md — indexed E:\Constellation Universes\Eisa Universe\Constellation PKM\Constellation Working Docs\BUG-015-target-NOTE_531D-corrupted-snapshot.md with '' sentinel, NOT stolen
[1786425593] [index_note] cid DUPLICATE (both files live): 20260424T063440Z_NOTE_531D also claimed by E:\Constellation Universes\Eisa Universe\Constellation PKM\Constellation Working Docs\BUG-015-source-NOTE_EE1E-snapshot.md — indexed E:\Constellation Universes\Eisa Universe\Constellation PKM\Constellation Working Docs\BUG-015-target-NOTE_531D-corrupted-snapshot.md with '' sentinel, NOT stolen
[1786425610] [index_note] cid DUPLICATE (both files live): 20260807T124701Z_NOTE_5C6D also claimed by E:\Constellation Universes\Eisa Universe\Constellation PKM\Constellation Working Docs\MIG-090-Plan-Notes-Navigator.md — indexed E:\Constellation Universes\Eisa Universe\Constellation PKM\Constellation Working Docs\README.md with '' sentinel, NOT stolen
[1786425611] [index_note] cid DUPLICATE (both files live): 20260807T124701Z_NOTE_5C6D also claimed by E:\Constellation Universes\Eisa Universe\Constellation PKM\Constellation Working Docs\MIG-090-Plan-Notes-Navigator.md — indexed E:\Constellation Universes\Eisa Universe\Constellation PKM\Constellation Working Docs\README.md with '' sentinel, NOT stolen
[1786425612] [search] mig003_step3_soft_rebackfill: stale=234 templates=0 reindexed=0 injected=0 dependent_rows=2689 still_empty=234 skipped_failed=0 errors=0 — elapsed=21.3078602s
[1786425612] [search] init_db: schema_versions.mig003_step4=1 (target 1) — Step 4 already done
[1786425612] [search] init_db: PRAGMA optimize completed (sqlite_stat1 refreshed)
[1786512160] [search] init_db: PRAGMA user_version=1 (target 1) — rebuild skipped (already current)
[1786512160] [search] init_db: schema_versions.sky=10 (target 10) — sky current
[1786512160] [search] init_db: schema_versions.note_meta=1 (target 1) — MIG-003 Step 1 already done
[1786512160] [search] init_db: schema_versions.dependent_tables_mig003=1 (target 1) — Step 2 already done
[1786512161] [index_note] cid DUPLICATE (both files live): 20260606T113126Z_NOTE_5C9F also claimed by E:\Constellation Universes\Eisa Universe\كون عيسى\Five Acts\Observation — Recent Captures.md — indexed E:\Constellation Universes\Eisa Universe\كون عيسى 2\Five Acts\Observation — Recent Captures.md with '' sentinel, NOT stolen
[1786512161] [index_note] cid DUPLICATE (both files live): 20260606T113126Z_NOTE_5C9F also claimed by E:\Constellation Universes\Eisa Universe\كون عيسى\Five Acts\Observation — Recent Captures.md — indexed E:\Constellation Universes\Eisa Universe\كون عيسى 2\Five Acts\Observation — Recent Captures.md with '' sentinel, NOT stolen
[1786512161] [index_note] cid DUPLICATE (both files live): 20260329T000000Z_NOTE_4CC5 also claimed by E:\Constellation Universes\Eisa Universe\كون عيسى\Image Preview Test.md — indexed E:\Constellation Universes\Eisa Universe\كون عيسى 2\Image Preview Test.md with '' sentinel, NOT stolen
[1786512161] [index_note] cid DUPLICATE (both files live): 20260329T000000Z_NOTE_4CC5 also claimed by E:\Constellation Universes\Eisa Universe\كون عيسى\Image Preview Test.md — indexed E:\Constellation Universes\Eisa Universe\كون عيسى 2\Image Preview Test.md with '' sentinel, NOT stolen
[1786512161] [index_note] cid DUPLICATE (both files live): 20260325T000000Z_NOTE_1469 also claimed by E:\Constellation Universes\Eisa Universe\كون عيسى\تجربة 1.md — indexed E:\Constellation Universes\Eisa Universe\كون عيسى 2\تجربة 1.md with '' sentinel, NOT stolen
[1786512161] [index_note] cid DUPLICATE (both files live): 20260325T000000Z_NOTE_1469 also claimed by E:\Constellation Universes\Eisa Universe\كون عيسى\تجربة 1.md — indexed E:\Constellation Universes\Eisa Universe\كون عيسى 2\تجربة 1.md with '' sentinel, NOT stolen
[1786512161] [index_note] cid DUPLICATE (both files live): 20260324T000000Z_NOTE_DD20 also claimed by E:\Constellation Universes\Eisa Universe\كون عيسى\مثال1.md — indexed E:\Constellation Universes\Eisa Universe\كون عيسى 2\مثال1.md with '' sentinel, NOT stolen
[1786512161] [index_note] cid DUPLICATE (both files live): 20260324T000000Z_NOTE_DD20 also claimed by E:\Constellation Universes\Eisa Universe\كون عيسى\مثال1.md — indexed E:\Constellation Universes\Eisa Universe\كون عيسى 2\مثال1.md with '' sentinel, NOT stolen
[1786512161] [index_note] cid DUPLICATE (both files live): 20260606T113126Z_NOTE_5C9F also claimed by E:\Constellation Universes\Eisa Universe\كون عيسى\Five Acts\Observation — Recent Captures.md — indexed E:\Constellation Universes\Eisa Universe\كون عيسى 3\Five Acts\Observation — Recent Captures.md with '' sentinel, NOT stolen
[1786512161] [index_note] cid DUPLICATE (both files live): 20260606T113126Z_NOTE_5C9F also claimed by E:\Constellation Universes\Eisa Universe\كون عيسى\Five Acts\Observation — Recent Captures.md — indexed E:\Constellation Universes\Eisa Universe\كون عيسى 3\Five Acts\Observation — Recent Captures.md with '' sentinel, NOT stolen
[1786512161] [index_note] cid DUPLICATE (both files live): 20260329T000000Z_NOTE_4CC5 also claimed by E:\Constellation Universes\Eisa Universe\كون عيسى\Image Preview Test.md — indexed E:\Constellation Universes\Eisa Universe\كون عيسى 3\Image Preview Test.md with '' sentinel, NOT stolen
[1786512161] [index_note] cid DUPLICATE (both files live): 20260329T000000Z_NOTE_4CC5 also claimed by E:\Constellation Universes\Eisa Universe\كون عيسى\Image Preview Test.md — indexed E:\Constellation Universes\Eisa Universe\كون عيسى 3\Image Preview Test.md with '' sentinel, NOT stolen
[1786512161] [index_note] cid DUPLICATE (both files live): 20260325T000000Z_NOTE_1469 also claimed by E:\Constellation Universes\Eisa Universe\كون عيسى\تجربة 1.md — indexed E:\Constellation Universes\Eisa Universe\كون عيسى 3\تجربة 1.md with '' sentinel, NOT stolen
[1786512161] [index_note] cid DUPLICATE (both files live): 20260325T000000Z_NOTE_1469 also claimed by E:\Constellation Universes\Eisa Universe\كون عيسى\تجربة 1.md — indexed E:\Constellation Universes\Eisa Universe\كون عيسى 3\تجربة 1.md with '' sentinel, NOT stolen
[1786512161] [index_note] cid DUPLICATE (both files live): 20260324T000000Z_NOTE_DD20 also claimed by E:\Constellation Universes\Eisa Universe\كون عيسى\مثال1.md — indexed E:\Constellation Universes\Eisa Universe\كون عيسى 3\مثال1.md with '' sentinel, NOT stolen
[1786512161] [index_note] cid DUPLICATE (both files live): 20260324T000000Z_NOTE_DD20 also claimed by E:\Constellation Universes\Eisa Universe\كون عيسى\مثال1.md — indexed E:\Constellation Universes\Eisa Universe\كون عيسى 3\مثال1.md with '' sentinel, NOT stolen
[1786512161] [index_note] cid DUPLICATE (both files live): 20260424T063440Z_NOTE_531D also claimed by E:\Constellation Universes\Eisa Universe\Constellation PKM\Constellation Working Docs\BUG-015-source-NOTE_EE1E-snapshot.md — indexed E:\Constellation Universes\Eisa Universe\Constellation PKM\Constellation Working Docs\BUG-015-target-NOTE_531D-corrupted-snapshot.md with '' sentinel, NOT stolen
[1786512162] [index_note] cid DUPLICATE (both files live): 20260424T063440Z_NOTE_531D also claimed by E:\Constellation Universes\Eisa Universe\Constellation PKM\Constellation Working Docs\BUG-015-source-NOTE_EE1E-snapshot.md — indexed E:\Constellation Universes\Eisa Universe\Constellation PKM\Constellation Working Docs\BUG-015-target-NOTE_531D-corrupted-snapshot.md with '' sentinel, NOT stolen
[1786512170] [index_note] cid DUPLICATE (both files live): 20260807T124701Z_NOTE_5C6D also claimed by E:\Constellation Universes\Eisa Universe\Constellation PKM\Constellation Working Docs\MIG-090-Plan-Notes-Navigator.md — indexed E:\Constellation Universes\Eisa Universe\Constellation PKM\Constellation Working Docs\README.md with '' sentinel, NOT stolen
[1786512170] [index_note] cid DUPLICATE (both files live): 20260807T124701Z_NOTE_5C6D also claimed by E:\Constellation Universes\Eisa Universe\Constellation PKM\Constellation Working Docs\MIG-090-Plan-Notes-Navigator.md — indexed E:\Constellation Universes\Eisa Universe\Constellation PKM\Constellation Working Docs\README.md with '' sentinel, NOT stolen
[1786512171] [search] mig003_step3_soft_rebackfill: stale=234 templates=0 reindexed=0 injected=0 dependent_rows=2689 still_empty=234 skipped_failed=0 errors=0 — elapsed=10.0892377s
[1786512171] [search] init_db: schema_versions.mig003_step4=1 (target 1) — Step 4 already done
[1786512171] [search] init_db: PRAGMA optimize completed (sqlite_stat1 refreshed)
[1786512171] [target_base_backfill] seek path warmed in 13 ms
[1786512172] [link_life_restore] earned layer restored: 0 of 1 records written (0 already current, 1 no longer in the index, 0 ambiguous-skipped), 0 weights healed, 0 priorities restored (0 already current, 0 unresolved), 0 bad lines
[1786512172] [federation-prewarm] E:\Constellation Universes\كون عيسى\.constellation\search.db FTS5 optimize OK in 41ms (segid -1 → -1)
[1786512182] [reconcile] drift check: 0 changed on disk, 0 not in the index, 0 rows without a file, 9 from a linked universe (2109 files / 2730 rows seen, walk complete)
[1786512183] [props_reparse] FAILED (non-fatal): completeness check failed: 2 row(s) still carry the phantom signature — not stamping, the next boot re-runs
[1786512196] [federation-prewarm] E:\Constellation Universes\Eisa Cognitive Knowledge\.constellation\search.db FTS5 optimize OK in 24422ms (segid -1 → -1)
[1786513510] [search] init_db: PRAGMA user_version=1 (target 1) — rebuild skipped (already current)
[1786513510] [search] init_db: schema_versions.sky=10 (target 10) — sky current
[1786513510] [search] init_db: schema_versions.note_meta=1 (target 1) — MIG-003 Step 1 already done
[1786513510] [search] init_db: schema_versions.dependent_tables_mig003=1 (target 1) — Step 2 already done
[1786513511] [index_note] cid DUPLICATE (both files live): 20260606T113126Z_NOTE_5C9F also claimed by E:\Constellation Universes\Eisa Universe\كون عيسى\Five Acts\Observation — Recent Captures.md — indexed E:\Constellation Universes\Eisa Universe\كون عيسى 2\Five Acts\Observation — Recent Captures.md with '' sentinel, NOT stolen
[1786513511] [index_note] cid DUPLICATE (both files live): 20260329T000000Z_NOTE_4CC5 also claimed by E:\Constellation Universes\Eisa Universe\كون عيسى\Image Preview Test.md — indexed E:\Constellation Universes\Eisa Universe\كون عيسى 2\Image Preview Test.md with '' sentinel, NOT stolen
[1786513511] [index_note] cid DUPLICATE (both files live): 20260325T000000Z_NOTE_1469 also claimed by E:\Constellation Universes\Eisa Universe\كون عيسى\تجربة 1.md — indexed E:\Constellation Universes\Eisa Universe\كون عيسى 2\تجربة 1.md with '' sentinel, NOT stolen
[1786513511] [index_note] cid DUPLICATE (both files live): 20260324T000000Z_NOTE_DD20 also claimed by E:\Constellation Universes\Eisa Universe\كون عيسى\مثال1.md — indexed E:\Constellation Universes\Eisa Universe\كون عيسى 2\مثال1.md with '' sentinel, NOT stolen
[1786513511] [index_note] cid DUPLICATE (both files live): 20260606T113126Z_NOTE_5C9F also claimed by E:\Constellation Universes\Eisa Universe\كون عيسى\Five Acts\Observation — Recent Captures.md — indexed E:\Constellation Universes\Eisa Universe\كون عيسى 3\Five Acts\Observation — Recent Captures.md with '' sentinel, NOT stolen
[1786513511] [index_note] cid DUPLICATE (both files live): 20260329T000000Z_NOTE_4CC5 also claimed by E:\Constellation Universes\Eisa Universe\كون عيسى\Image Preview Test.md — indexed E:\Constellation Universes\Eisa Universe\كون عيسى 3\Image Preview Test.md with '' sentinel, NOT stolen
[1786513511] [index_note] cid DUPLICATE (both files live): 20260325T000000Z_NOTE_1469 also claimed by E:\Constellation Universes\Eisa Universe\كون عيسى\تجربة 1.md — indexed E:\Constellation Universes\Eisa Universe\كون عيسى 3\تجربة 1.md with '' sentinel, NOT stolen
[1786513511] [index_note] cid DUPLICATE (both files live): 20260324T000000Z_NOTE_DD20 also claimed by E:\Constellation Universes\Eisa Universe\كون عيسى\مثال1.md — indexed E:\Constellation Universes\Eisa Universe\كون عيسى 3\مثال1.md with '' sentinel, NOT stolen
[1786513512] [index_note] cid DUPLICATE (both files live): 20260424T063440Z_NOTE_531D also claimed by E:\Constellation Universes\Eisa Universe\Constellation PKM\Constellation Working Docs\BUG-015-source-NOTE_EE1E-snapshot.md — indexed E:\Constellation Universes\Eisa Universe\Constellation PKM\Constellation Working Docs\BUG-015-target-NOTE_531D-corrupted-snapshot.md with '' sentinel, NOT stolen
[1786513518] [index_note] cid DUPLICATE (both files live): 20260807T124701Z_NOTE_5C6D also claimed by E:\Constellation Universes\Eisa Universe\Constellation PKM\Constellation Working Docs\MIG-090-Plan-Notes-Navigator.md — indexed E:\Constellation Universes\Eisa Universe\Constellation PKM\Constellation Working Docs\README.md with '' sentinel, NOT stolen
[1786513519] [search] mig003_step3_soft_rebackfill: stale=234 templates=0 reindexed=0 injected=0 dependent_rows=2689 still_empty=0 skipped_failed=234 errors=0 — elapsed=8.0096595s
[1786513519] [search] init_db: schema_versions.mig003_step4=1 (target 1) — Step 4 already done
[1786513519] [search] init_db: PRAGMA optimize completed (sqlite_stat1 refreshed)
[1786513607] [search] init_db: PRAGMA user_version=1 (target 1) — rebuild skipped (already current)
[1786513607] [search] init_db: schema_versions.sky=10 (target 10) — sky current
[1786513607] [search] init_db: schema_versions.note_meta=1 (target 1) — MIG-003 Step 1 already done
[1786513607] [search] init_db: schema_versions.dependent_tables_mig003=1 (target 1) — Step 2 already done
[1786513607] [index_note] cid DUPLICATE (both files live): 20260606T113126Z_NOTE_5C9F also claimed by E:\Constellation Universes\Eisa Universe\كون عيسى\Five Acts\Observation — Recent Captures.md — indexed E:\Constellation Universes\Eisa Universe\كون عيسى 2\Five Acts\Observation — Recent Captures.md with '' sentinel, NOT stolen
[1786513607] [index_note] cid DUPLICATE (both files live): 20260329T000000Z_NOTE_4CC5 also claimed by E:\Constellation Universes\Eisa Universe\كون عيسى\Image Preview Test.md — indexed E:\Constellation Universes\Eisa Universe\كون عيسى 2\Image Preview Test.md with '' sentinel, NOT stolen
[1786513607] [index_note] cid DUPLICATE (both files live): 20260325T000000Z_NOTE_1469 also claimed by E:\Constellation Universes\Eisa Universe\كون عيسى\تجربة 1.md — indexed E:\Constellation Universes\Eisa Universe\كون عيسى 2\تجربة 1.md with '' sentinel, NOT stolen
[1786513607] [index_note] cid DUPLICATE (both files live): 20260324T000000Z_NOTE_DD20 also claimed by E:\Constellation Universes\Eisa Universe\كون عيسى\مثال1.md — indexed E:\Constellation Universes\Eisa Universe\كون عيسى 2\مثال1.md with '' sentinel, NOT stolen
[1786513607] [index_note] cid DUPLICATE (both files live): 20260606T113126Z_NOTE_5C9F also claimed by E:\Constellation Universes\Eisa Universe\كون عيسى\Five Acts\Observation — Recent Captures.md — indexed E:\Constellation Universes\Eisa Universe\كون عيسى 3\Five Acts\Observation — Recent Captures.md with '' sentinel, NOT stolen
[1786513607] [index_note] cid DUPLICATE (both files live): 20260329T000000Z_NOTE_4CC5 also claimed by E:\Constellation Universes\Eisa Universe\كون عيسى\Image Preview Test.md — indexed E:\Constellation Universes\Eisa Universe\كون عيسى 3\Image Preview Test.md with '' sentinel, NOT stolen
[1786513607] [index_note] cid DUPLICATE (both files live): 20260325T000000Z_NOTE_1469 also claimed by E:\Constellation Universes\Eisa Universe\كون عيسى\تجربة 1.md — indexed E:\Constellation Universes\Eisa Universe\كون عيسى 3\تجربة 1.md with '' sentinel, NOT stolen
[1786513607] [index_note] cid DUPLICATE (both files live): 20260324T000000Z_NOTE_DD20 also claimed by E:\Constellation Universes\Eisa Universe\كون عيسى\مثال1.md — indexed E:\Constellation Universes\Eisa Universe\كون عيسى 3\مثال1.md with '' sentinel, NOT stolen
[1786513607] [index_note] cid DUPLICATE (both files live): 20260424T063440Z_NOTE_531D also claimed by E:\Constellation Universes\Eisa Universe\Constellation PKM\Constellation Working Docs\BUG-015-source-NOTE_EE1E-snapshot.md — indexed E:\Constellation Universes\Eisa Universe\Constellation PKM\Constellation Working Docs\BUG-015-target-NOTE_531D-corrupted-snapshot.md with '' sentinel, NOT stolen
[1786513609] [index_note] cid DUPLICATE (both files live): 20260807T124701Z_NOTE_5C6D also claimed by E:\Constellation Universes\Eisa Universe\Constellation PKM\Constellation Working Docs\MIG-090-Plan-Notes-Navigator.md — indexed E:\Constellation Universes\Eisa Universe\Constellation PKM\Constellation Working Docs\README.md with '' sentinel, NOT stolen
[1786513610] [search] mig003_step3_soft_rebackfill: stale=234 templates=0 reindexed=0 injected=0 dependent_rows=2689 still_empty=0 skipped_failed=234 errors=0 — elapsed=2.5272694s
[1786513610] [search] init_db: schema_versions.mig003_step4=1 (target 1) — Step 4 already done
[1786513610] [search] init_db: PRAGMA optimize completed (sqlite_stat1 refreshed)
[1786513610] [target_base_backfill] seek path warmed in 20 ms
[1786513610] [link_life_restore] earned layer restored: 0 of 1 records written (0 already current, 1 no longer in the index, 0 ambiguous-skipped), 0 weights healed, 0 priorities restored (0 already current, 0 unresolved), 0 bad lines
[1786513611] [federation-prewarm] E:\Constellation Universes\كون عيسى\.constellation\search.db FTS5 optimize OK in 87ms (segid -1 → -1)
[1786513611] [federation-prewarm] E:\Constellation Universes\Eisa Cognitive Knowledge\.constellation\search.db FTS5 optimize OK in 0ms (segid -1 → -1)
[1786513619] [reconcile] drift check: 0 changed on disk, 0 not in the index, 0 rows without a file, 9 from a linked universe (2110 files / 2731 rows seen, walk complete)
[1786513620] [props_reparse] FAILED (non-fatal): completeness check failed: 2 row(s) still carry the phantom signature — not stamping, the next boot re-runs
[1786670891] [search] init_db: PRAGMA user_version=1 (target 1) — rebuild skipped (already current)
[1786670891] [search] init_db: schema_versions.sky=10 (target 10) — sky current
[1786670891] [search] init_db: schema_versions.note_meta=1 (target 1) — MIG-003 Step 1 already done
[1786670891] [search] init_db: schema_versions.dependent_tables_mig003=1 (target 1) — Step 2 already done
[1786670894] [index_note] cid DUPLICATE (both files live): 20260606T113126Z_NOTE_5C9F also claimed by E:\Constellation Universes\Eisa Universe\كون عيسى\Five Acts\Observation — Recent Captures.md — indexed E:\Constellation Universes\Eisa Universe\كون عيسى 2\Five Acts\Observation — Recent Captures.md with '' sentinel, NOT stolen
[1786670894] [index_note] cid DUPLICATE (both files live): 20260606T113126Z_NOTE_5C9F also claimed by E:\Constellation Universes\Eisa Universe\كون عيسى\Five Acts\Observation — Recent Captures.md — indexed E:\Constellation Universes\Eisa Universe\كون عيسى 2\Five Acts\Observation — Recent Captures.md with '' sentinel, NOT stolen
[1786670894] [index_note] cid DUPLICATE (both files live): 20260329T000000Z_NOTE_4CC5 also claimed by E:\Constellation Universes\Eisa Universe\كون عيسى\Image Preview Test.md — indexed E:\Constellation Universes\Eisa Universe\كون عيسى 2\Image Preview Test.md with '' sentinel, NOT stolen
[1786670894] [index_note] cid DUPLICATE (both files live): 20260329T000000Z_NOTE_4CC5 also claimed by E:\Constellation Universes\Eisa Universe\كون عيسى\Image Preview Test.md — indexed E:\Constellation Universes\Eisa Universe\كون عيسى 2\Image Preview Test.md with '' sentinel, NOT stolen
[1786670894] [index_note] cid DUPLICATE (both files live): 20260325T000000Z_NOTE_1469 also claimed by E:\Constellation Universes\Eisa Universe\كون عيسى\تجربة 1.md — indexed E:\Constellation Universes\Eisa Universe\كون عيسى 2\تجربة 1.md with '' sentinel, NOT stolen
[1786670894] [index_note] cid DUPLICATE (both files live): 20260325T000000Z_NOTE_1469 also claimed by E:\Constellation Universes\Eisa Universe\كون عيسى\تجربة 1.md — indexed E:\Constellation Universes\Eisa Universe\كون عيسى 2\تجربة 1.md with '' sentinel, NOT stolen
[1786670894] [index_note] cid DUPLICATE (both files live): 20260324T000000Z_NOTE_DD20 also claimed by E:\Constellation Universes\Eisa Universe\كون عيسى\مثال1.md — indexed E:\Constellation Universes\Eisa Universe\كون عيسى 2\مثال1.md with '' sentinel, NOT stolen
[1786670894] [index_note] cid DUPLICATE (both files live): 20260324T000000Z_NOTE_DD20 also claimed by E:\Constellation Universes\Eisa Universe\كون عيسى\مثال1.md — indexed E:\Constellation Universes\Eisa Universe\كون عيسى 2\مثال1.md with '' sentinel, NOT stolen
[1786670894] [index_note] cid DUPLICATE (both files live): 20260606T113126Z_NOTE_5C9F also claimed by E:\Constellation Universes\Eisa Universe\كون عيسى\Five Acts\Observation — Recent Captures.md — indexed E:\Constellation Universes\Eisa Universe\كون عيسى 3\Five Acts\Observation — Recent Captures.md with '' sentinel, NOT stolen
[1786670894] [index_note] cid DUPLICATE (both files live): 20260606T113126Z_NOTE_5C9F also claimed by E:\Constellation Universes\Eisa Universe\كون عيسى\Five Acts\Observation — Recent Captures.md — indexed E:\Constellation Universes\Eisa Universe\كون عيسى 3\Five Acts\Observation — Recent Captures.md with '' sentinel, NOT stolen
[1786670894] [index_note] cid DUPLICATE (both files live): 20260329T000000Z_NOTE_4CC5 also claimed by E:\Constellation Universes\Eisa Universe\كون عيسى\Image Preview Test.md — indexed E:\Constellation Universes\Eisa Universe\كون عيسى 3\Image Preview Test.md with '' sentinel, NOT stolen
[1786670894] [index_note] cid DUPLICATE (both files live): 20260329T000000Z_NOTE_4CC5 also claimed by E:\Constellation Universes\Eisa Universe\كون عيسى\Image Preview Test.md — indexed E:\Constellation Universes\Eisa Universe\كون عيسى 3\Image Preview Test.md with '' sentinel, NOT stolen
[1786670894] [index_note] cid DUPLICATE (both files live): 20260325T000000Z_NOTE_1469 also claimed by E:\Constellation Universes\Eisa Universe\كون عيسى\تجربة 1.md — indexed E:\Constellation Universes\Eisa Universe\كون عيسى 3\تجربة 1.md with '' sentinel, NOT stolen
[1786670894] [index_note] cid DUPLICATE (both files live): 20260325T000000Z_NOTE_1469 also claimed by E:\Constellation Universes\Eisa Universe\كون عيسى\تجربة 1.md — indexed E:\Constellation Universes\Eisa Universe\كون عيسى 3\تجربة 1.md with '' sentinel, NOT stolen
[1786670894] [index_note] cid DUPLICATE (both files live): 20260324T000000Z_NOTE_DD20 also claimed by E:\Constellation Universes\Eisa Universe\كون عيسى\مثال1.md — indexed E:\Constellation Universes\Eisa Universe\كون عيسى 3\مثال1.md with '' sentinel, NOT stolen
[1786670894] [index_note] cid DUPLICATE (both files live): 20260324T000000Z_NOTE_DD20 also claimed by E:\Constellation Universes\Eisa Universe\كون عيسى\مثال1.md — indexed E:\Constellation Universes\Eisa Universe\كون عيسى 3\مثال1.md with '' sentinel, NOT stolen
[1786670894] [index_note] cid DUPLICATE (both files live): 20260424T063440Z_NOTE_531D also claimed by E:\Constellation Universes\Eisa Universe\Constellation PKM\Constellation Working Docs\BUG-015-source-NOTE_EE1E-snapshot.md — indexed E:\Constellation Universes\Eisa Universe\Constellation PKM\Constellation Working Docs\BUG-015-target-NOTE_531D-corrupted-snapshot.md with '' sentinel, NOT stolen
[1786670894] [index_note] cid DUPLICATE (both files live): 20260424T063440Z_NOTE_531D also claimed by E:\Constellation Universes\Eisa Universe\Constellation PKM\Constellation Working Docs\BUG-015-source-NOTE_EE1E-snapshot.md — indexed E:\Constellation Universes\Eisa Universe\Constellation PKM\Constellation Working Docs\BUG-015-target-NOTE_531D-corrupted-snapshot.md with '' sentinel, NOT stolen
[1786670907] [index_note] cid DUPLICATE (both files live): 20260807T124701Z_NOTE_5C6D also claimed by E:\Constellation Universes\Eisa Universe\Constellation PKM\Constellation Working Docs\MIG-090-Plan-Notes-Navigator.md — indexed E:\Constellation Universes\Eisa Universe\Constellation PKM\Constellation Working Docs\README.md with '' sentinel, NOT stolen
[1786670907] [index_note] cid DUPLICATE (both files live): 20260807T124701Z_NOTE_5C6D also claimed by E:\Constellation Universes\Eisa Universe\Constellation PKM\Constellation Working Docs\MIG-090-Plan-Notes-Navigator.md — indexed E:\Constellation Universes\Eisa Universe\Constellation PKM\Constellation Working Docs\README.md with '' sentinel, NOT stolen
[1786670907] [search] mig003_step3_soft_rebackfill: stale=234 templates=0 reindexed=0 injected=0 dependent_rows=2689 still_empty=234 skipped_failed=0 errors=0 — elapsed=14.4035418s
[1786670907] [search] init_db: schema_versions.mig003_step4=1 (target 1) — Step 4 already done
[1786670907] [search] init_db: PRAGMA optimize completed (sqlite_stat1 refreshed)
[1786670908] [target_base_backfill] seek path warmed in 49 ms
[1786670908] [link_life_restore] earned layer restored: 0 of 1 records written (0 already current, 1 no longer in the index, 0 ambiguous-skipped), 0 weights healed, 0 priorities restored (0 already current, 0 unresolved), 0 bad lines
[1786670914] [federation-prewarm] E:\Constellation Universes\كون عيسى\.constellation\search.db FTS5 optimize OK in 0ms (segid -1 → -1)
[1786670914] [reconcile] drift check: 0 changed on disk, 0 not in the index, 0 rows without a file, 9 from a linked universe (2110 files / 2731 rows seen, walk complete)
[1786670914] [federation-prewarm] E:\Constellation Universes\Eisa Cognitive Knowledge\.constellation\search.db FTS5 optimize OK in 9ms (segid -1 → -1)
[1786670914] [props_reparse] FAILED (non-fatal): completeness check failed: 2 row(s) still carry the phantom signature — not stamping, the next boot re-runs
[1786671661] [search] init_db: PRAGMA user_version=1 (target 1) — rebuild skipped (already current)
[1786671661] [search] init_db: schema_versions.sky=10 (target 10) — sky current
[1786671661] [search] init_db: schema_versions.note_meta=1 (target 1) — MIG-003 Step 1 already done
[1786671662] [search] init_db: schema_versions.dependent_tables_mig003=1 (target 1) — Step 2 already done
[1786671663] [index_note] cid DUPLICATE (both files live): 20260606T113126Z_NOTE_5C9F also claimed by E:\Constellation Universes\Eisa Universe\كون عيسى\Five Acts\Observation — Recent Captures.md — indexed E:\Constellation Universes\Eisa Universe\كون عيسى 2\Five Acts\Observation — Recent Captures.md with '' sentinel, NOT stolen
[1786671663] [index_note] cid DUPLICATE (both files live): 20260329T000000Z_NOTE_4CC5 also claimed by E:\Constellation Universes\Eisa Universe\كون عيسى\Image Preview Test.md — indexed E:\Constellation Universes\Eisa Universe\كون عيسى 2\Image Preview Test.md with '' sentinel, NOT stolen
[1786671663] [index_note] cid DUPLICATE (both files live): 20260325T000000Z_NOTE_1469 also claimed by E:\Constellation Universes\Eisa Universe\كون عيسى\تجربة 1.md — indexed E:\Constellation Universes\Eisa Universe\كون عيسى 2\تجربة 1.md with '' sentinel, NOT stolen
[1786671663] [index_note] cid DUPLICATE (both files live): 20260324T000000Z_NOTE_DD20 also claimed by E:\Constellation Universes\Eisa Universe\كون عيسى\مثال1.md — indexed E:\Constellation Universes\Eisa Universe\كون عيسى 2\مثال1.md with '' sentinel, NOT stolen
[1786671663] [index_note] cid DUPLICATE (both files live): 20260606T113126Z_NOTE_5C9F also claimed by E:\Constellation Universes\Eisa Universe\كون عيسى\Five Acts\Observation — Recent Captures.md — indexed E:\Constellation Universes\Eisa Universe\كون عيسى 3\Five Acts\Observation — Recent Captures.md with '' sentinel, NOT stolen
[1786671663] [index_note] cid DUPLICATE (both files live): 20260329T000000Z_NOTE_4CC5 also claimed by E:\Constellation Universes\Eisa Universe\كون عيسى\Image Preview Test.md — indexed E:\Constellation Universes\Eisa Universe\كون عيسى 3\Image Preview Test.md with '' sentinel, NOT stolen
[1786671663] [index_note] cid DUPLICATE (both files live): 20260325T000000Z_NOTE_1469 also claimed by E:\Constellation Universes\Eisa Universe\كون عيسى\تجربة 1.md — indexed E:\Constellation Universes\Eisa Universe\كون عيسى 3\تجربة 1.md with '' sentinel, NOT stolen
[1786671663] [index_note] cid DUPLICATE (both files live): 20260324T000000Z_NOTE_DD20 also claimed by E:\Constellation Universes\Eisa Universe\كون عيسى\مثال1.md — indexed E:\Constellation Universes\Eisa Universe\كون عيسى 3\مثال1.md with '' sentinel, NOT stolen
[1786671663] [index_note] cid DUPLICATE (both files live): 20260424T063440Z_NOTE_531D also claimed by E:\Constellation Universes\Eisa Universe\Constellation PKM\Constellation Working Docs\BUG-015-source-NOTE_EE1E-snapshot.md — indexed E:\Constellation Universes\Eisa Universe\Constellation PKM\Constellation Working Docs\BUG-015-target-NOTE_531D-corrupted-snapshot.md with '' sentinel, NOT stolen
[1786805602] [search] init_db: PRAGMA user_version=1 (target 1) — rebuild skipped (already current)
[1786805602] [search] init_db: schema_versions.sky=10 (target 10) — sky current
[1786805602] [search] init_db: schema_versions.note_meta=1 (target 1) — MIG-003 Step 1 already done
[1786805602] [search] init_db: schema_versions.dependent_tables_mig003=1 (target 1) — Step 2 already done
[1786805605] [index_note] cid DUPLICATE (both files live): 20260606T113126Z_NOTE_5C9F also claimed by E:\Constellation Universes\Eisa Universe\كون عيسى\Five Acts\Observation — Recent Captures.md — indexed E:\Constellation Universes\Eisa Universe\كون عيسى 2\Five Acts\Observation — Recent Captures.md with '' sentinel, NOT stolen
[1786805605] [index_note] cid DUPLICATE (both files live): 20260606T113126Z_NOTE_5C9F also claimed by E:\Constellation Universes\Eisa Universe\كون عيسى\Five Acts\Observation — Recent Captures.md — indexed E:\Constellation Universes\Eisa Universe\كون عيسى 2\Five Acts\Observation — Recent Captures.md with '' sentinel, NOT stolen
[1786805605] [index_note] cid DUPLICATE (both files live): 20260329T000000Z_NOTE_4CC5 also claimed by E:\Constellation Universes\Eisa Universe\كون عيسى\Image Preview Test.md — indexed E:\Constellation Universes\Eisa Universe\كون عيسى 2\Image Preview Test.md with '' sentinel, NOT stolen
[1786805605] [index_note] cid DUPLICATE (both files live): 20260329T000000Z_NOTE_4CC5 also claimed by E:\Constellation Universes\Eisa Universe\كون عيسى\Image Preview Test.md — indexed E:\Constellation Universes\Eisa Universe\كون عيسى 2\Image Preview Test.md with '' sentinel, NOT stolen
[1786805605] [index_note] cid DUPLICATE (both files live): 20260325T000000Z_NOTE_1469 also claimed by E:\Constellation Universes\Eisa Universe\كون عيسى\تجربة 1.md — indexed E:\Constellation Universes\Eisa Universe\كون عيسى 2\تجربة 1.md with '' sentinel, NOT stolen
[1786805605] [index_note] cid DUPLICATE (both files live): 20260325T000000Z_NOTE_1469 also claimed by E:\Constellation Universes\Eisa Universe\كون عيسى\تجربة 1.md — indexed E:\Constellation Universes\Eisa Universe\كون عيسى 2\تجربة 1.md with '' sentinel, NOT stolen
[1786805605] [index_note] cid DUPLICATE (both files live): 20260324T000000Z_NOTE_DD20 also claimed by E:\Constellation Universes\Eisa Universe\كون عيسى\مثال1.md — indexed E:\Constellation Universes\Eisa Universe\كون عيسى 2\مثال1.md with '' sentinel, NOT stolen
[1786805605] [index_note] cid DUPLICATE (both files live): 20260324T000000Z_NOTE_DD20 also claimed by E:\Constellation Universes\Eisa Universe\كون عيسى\مثال1.md — indexed E:\Constellation Universes\Eisa Universe\كون عيسى 2\مثال1.md with '' sentinel, NOT stolen
[1786805605] [index_note] cid DUPLICATE (both files live): 20260606T113126Z_NOTE_5C9F also claimed by E:\Constellation Universes\Eisa Universe\كون عيسى\Five Acts\Observation — Recent Captures.md — indexed E:\Constellation Universes\Eisa Universe\كون عيسى 3\Five Acts\Observation — Recent Captures.md with '' sentinel, NOT stolen
[1786805605] [index_note] cid DUPLICATE (both files live): 20260606T113126Z_NOTE_5C9F also claimed by E:\Constellation Universes\Eisa Universe\كون عيسى\Five Acts\Observation — Recent Captures.md — indexed E:\Constellation Universes\Eisa Universe\كون عيسى 3\Five Acts\Observation — Recent Captures.md with '' sentinel, NOT stolen
[1786805605] [index_note] cid DUPLICATE (both files live): 20260329T000000Z_NOTE_4CC5 also claimed by E:\Constellation Universes\Eisa Universe\كون عيسى\Image Preview Test.md — indexed E:\Constellation Universes\Eisa Universe\كون عيسى 3\Image Preview Test.md with '' sentinel, NOT stolen
[1786805605] [index_note] cid DUPLICATE (both files live): 20260329T000000Z_NOTE_4CC5 also claimed by E:\Constellation Universes\Eisa Universe\كون عيسى\Image Preview Test.md — indexed E:\Constellation Universes\Eisa Universe\كون عيسى 3\Image Preview Test.md with '' sentinel, NOT stolen
[1786805605] [index_note] cid DUPLICATE (both files live): 20260325T000000Z_NOTE_1469 also claimed by E:\Constellation Universes\Eisa Universe\كون عيسى\تجربة 1.md — indexed E:\Constellation Universes\Eisa Universe\كون عيسى 3\تجربة 1.md with '' sentinel, NOT stolen
[1786805605] [index_note] cid DUPLICATE (both files live): 20260325T000000Z_NOTE_1469 also claimed by E:\Constellation Universes\Eisa Universe\كون عيسى\تجربة 1.md — indexed E:\Constellation Universes\Eisa Universe\كون عيسى 3\تجربة 1.md with '' sentinel, NOT stolen
[1786805605] [index_note] cid DUPLICATE (both files live): 20260324T000000Z_NOTE_DD20 also claimed by E:\Constellation Universes\Eisa Universe\كون عيسى\مثال1.md — indexed E:\Constellation Universes\Eisa Universe\كون عيسى 3\مثال1.md with '' sentinel, NOT stolen
[1786805605] [index_note] cid DUPLICATE (both files live): 20260324T000000Z_NOTE_DD20 also claimed by E:\Constellation Universes\Eisa Universe\كون عيسى\مثال1.md — indexed E:\Constellation Universes\Eisa Universe\كون عيسى 3\مثال1.md with '' sentinel, NOT stolen
[1786805605] [index_note] cid DUPLICATE (both files live): 20260424T063440Z_NOTE_531D also claimed by E:\Constellation Universes\Eisa Universe\Constellation PKM\Constellation Working Docs\BUG-015-source-NOTE_EE1E-snapshot.md — indexed E:\Constellation Universes\Eisa Universe\Constellation PKM\Constellation Working Docs\BUG-015-target-NOTE_531D-corrupted-snapshot.md with '' sentinel, NOT stolen
[1786805606] [index_note] cid DUPLICATE (both files live): 20260424T063440Z_NOTE_531D also claimed by E:\Constellation Universes\Eisa Universe\Constellation PKM\Constellation Working Docs\BUG-015-source-NOTE_EE1E-snapshot.md — indexed E:\Constellation Universes\Eisa Universe\Constellation PKM\Constellation Working Docs\BUG-015-target-NOTE_531D-corrupted-snapshot.md with '' sentinel, NOT stolen
[1786805623] [index_note] cid DUPLICATE (both files live): 20260807T124701Z_NOTE_5C6D also claimed by E:\Constellation Universes\Eisa Universe\Constellation PKM\Constellation Working Docs\MIG-090-Plan-Notes-Navigator.md — indexed E:\Constellation Universes\Eisa Universe\Constellation PKM\Constellation Working Docs\README.md with '' sentinel, NOT stolen
[1786805624] [index_note] cid DUPLICATE (both files live): 20260807T124701Z_NOTE_5C6D also claimed by E:\Constellation Universes\Eisa Universe\Constellation PKM\Constellation Working Docs\MIG-090-Plan-Notes-Navigator.md — indexed E:\Constellation Universes\Eisa Universe\Constellation PKM\Constellation Working Docs\README.md with '' sentinel, NOT stolen
[1786805625] [search] mig003_step3_soft_rebackfill: stale=234 templates=0 reindexed=0 injected=0 dependent_rows=2689 still_empty=234 skipped_failed=0 errors=0 — elapsed=22.0550036s
[1786805625] [search] init_db: schema_versions.mig003_step4=1 (target 1) — Step 4 already done
[1786805626] [search] init_db: PRAGMA optimize completed (sqlite_stat1 refreshed)
[1786974079] [search] init_db: PRAGMA user_version=1 (target 1) — rebuild skipped (already current)
[1786974079] [search] init_db: schema_versions.sky=10 (target 10) — sky current
[1786974079] [search] init_db: schema_versions.note_meta=1 (target 1) — MIG-003 Step 1 already done
[1786974079] [search] init_db: schema_versions.dependent_tables_mig003=1 (target 1) — Step 2 already done
[1786974081] [index_note] cid DUPLICATE (both files live): 20260606T113126Z_NOTE_5C9F also claimed by E:\Constellation Universes\Eisa Universe\كون عيسى\Five Acts\Observation — Recent Captures.md — indexed E:\Constellation Universes\Eisa Universe\كون عيسى 2\Five Acts\Observation — Recent Captures.md with '' sentinel, NOT stolen
[1786974081] [index_note] cid DUPLICATE (both files live): 20260606T113126Z_NOTE_5C9F also claimed by E:\Constellation Universes\Eisa Universe\كون عيسى\Five Acts\Observation — Recent Captures.md — indexed E:\Constellation Universes\Eisa Universe\كون عيسى 2\Five Acts\Observation — Recent Captures.md with '' sentinel, NOT stolen
[1786974081] [index_note] cid DUPLICATE (both files live): 20260329T000000Z_NOTE_4CC5 also claimed by E:\Constellation Universes\Eisa Universe\كون عيسى\Image Preview Test.md — indexed E:\Constellation Universes\Eisa Universe\كون عيسى 2\Image Preview Test.md with '' sentinel, NOT stolen
[1786974081] [index_note] cid DUPLICATE (both files live): 20260329T000000Z_NOTE_4CC5 also claimed by E:\Constellation Universes\Eisa Universe\كون عيسى\Image Preview Test.md — indexed E:\Constellation Universes\Eisa Universe\كون عيسى 2\Image Preview Test.md with '' sentinel, NOT stolen
[1786974081] [index_note] cid DUPLICATE (both files live): 20260325T000000Z_NOTE_1469 also claimed by E:\Constellation Universes\Eisa Universe\كون عيسى\تجربة 1.md — indexed E:\Constellation Universes\Eisa Universe\كون عيسى 2\تجربة 1.md with '' sentinel, NOT stolen
[1786974081] [index_note] cid DUPLICATE (both files live): 20260325T000000Z_NOTE_1469 also claimed by E:\Constellation Universes\Eisa Universe\كون عيسى\تجربة 1.md — indexed E:\Constellation Universes\Eisa Universe\كون عيسى 2\تجربة 1.md with '' sentinel, NOT stolen
[1786974081] [index_note] cid DUPLICATE (both files live): 20260324T000000Z_NOTE_DD20 also claimed by E:\Constellation Universes\Eisa Universe\كون عيسى\مثال1.md — indexed E:\Constellation Universes\Eisa Universe\كون عيسى 2\مثال1.md with '' sentinel, NOT stolen
[1786974081] [index_note] cid DUPLICATE (both files live): 20260324T000000Z_NOTE_DD20 also claimed by E:\Constellation Universes\Eisa Universe\كون عيسى\مثال1.md — indexed E:\Constellation Universes\Eisa Universe\كون عيسى 2\مثال1.md with '' sentinel, NOT stolen
[1786974081] [index_note] cid DUPLICATE (both files live): 20260606T113126Z_NOTE_5C9F also claimed by E:\Constellation Universes\Eisa Universe\كون عيسى\Five Acts\Observation — Recent Captures.md — indexed E:\Constellation Universes\Eisa Universe\كون عيسى 3\Five Acts\Observation — Recent Captures.md with '' sentinel, NOT stolen
[1786974081] [index_note] cid DUPLICATE (both files live): 20260606T113126Z_NOTE_5C9F also claimed by E:\Constellation Universes\Eisa Universe\كون عيسى\Five Acts\Observation — Recent Captures.md — indexed E:\Constellation Universes\Eisa Universe\كون عيسى 3\Five Acts\Observation — Recent Captures.md with '' sentinel, NOT stolen
[1786974081] [index_note] cid DUPLICATE (both files live): 20260329T000000Z_NOTE_4CC5 also claimed by E:\Constellation Universes\Eisa Universe\كون عيسى\Image Preview Test.md — indexed E:\Constellation Universes\Eisa Universe\كون عيسى 3\Image Preview Test.md with '' sentinel, NOT stolen
[1786974081] [index_note] cid DUPLICATE (both files live): 20260329T000000Z_NOTE_4CC5 also claimed by E:\Constellation Universes\Eisa Universe\كون عيسى\Image Preview Test.md — indexed E:\Constellation Universes\Eisa Universe\كون عيسى 3\Image Preview Test.md with '' sentinel, NOT stolen
[1786974081] [index_note] cid DUPLICATE (both files live): 20260325T000000Z_NOTE_1469 also claimed by E:\Constellation Universes\Eisa Universe\كون عيسى\تجربة 1.md — indexed E:\Constellation Universes\Eisa Universe\كون عيسى 3\تجربة 1.md with '' sentinel, NOT stolen
[1786974081] [index_note] cid DUPLICATE (both files live): 20260325T000000Z_NOTE_1469 also claimed by E:\Constellation Universes\Eisa Universe\كون عيسى\تجربة 1.md — indexed E:\Constellation Universes\Eisa Universe\كون عيسى 3\تجربة 1.md with '' sentinel, NOT stolen
[1786974081] [index_note] cid DUPLICATE (both files live): 20260324T000000Z_NOTE_DD20 also claimed by E:\Constellation Universes\Eisa Universe\كون عيسى\مثال1.md — indexed E:\Constellation Universes\Eisa Universe\كون عيسى 3\مثال1.md with '' sentinel, NOT stolen
[1786974081] [index_note] cid DUPLICATE (both files live): 20260324T000000Z_NOTE_DD20 also claimed by E:\Constellation Universes\Eisa Universe\كون عيسى\مثال1.md — indexed E:\Constellation Universes\Eisa Universe\كون عيسى 3\مثال1.md with '' sentinel, NOT stolen
[1786974081] [index_note] cid DUPLICATE (both files live): 20260424T063440Z_NOTE_531D also claimed by E:\Constellation Universes\Eisa Universe\Constellation PKM\Constellation Working Docs\BUG-015-source-NOTE_EE1E-snapshot.md — indexed E:\Constellation Universes\Eisa Universe\Constellation PKM\Constellation Working Docs\BUG-015-target-NOTE_531D-corrupted-snapshot.md with '' sentinel, NOT stolen
[1786974081] [index_note] cid DUPLICATE (both files live): 20260424T063440Z_NOTE_531D also claimed by E:\Constellation Universes\Eisa Universe\Constellation PKM\Constellation Working Docs\BUG-015-source-NOTE_EE1E-snapshot.md — indexed E:\Constellation Universes\Eisa Universe\Constellation PKM\Constellation Working Docs\BUG-015-target-NOTE_531D-corrupted-snapshot.md with '' sentinel, NOT stolen
[1786974089] [index_note] cid DUPLICATE (both files live): 20260807T124701Z_NOTE_5C6D also claimed by E:\Constellation Universes\Eisa Universe\Constellation PKM\Constellation Working Docs\MIG-090-Plan-Notes-Navigator.md — indexed E:\Constellation Universes\Eisa Universe\Constellation PKM\Constellation Working Docs\README.md with '' sentinel, NOT stolen
[1786974089] [index_note] cid DUPLICATE (both files live): 20260807T124701Z_NOTE_5C6D also claimed by E:\Constellation Universes\Eisa Universe\Constellation PKM\Constellation Working Docs\MIG-090-Plan-Notes-Navigator.md — indexed E:\Constellation Universes\Eisa Universe\Constellation PKM\Constellation Working Docs\README.md with '' sentinel, NOT stolen
[1786974089] [search] mig003_step3_soft_rebackfill: stale=234 templates=0 reindexed=0 injected=0 dependent_rows=2689 still_empty=234 skipped_failed=0 errors=0 — elapsed=8.8224802s
[1786974089] [search] init_db: schema_versions.mig003_step4=1 (target 1) — Step 4 already done
[1786974089] [search] init_db: PRAGMA optimize completed (sqlite_stat1 refreshed)
[1786974089] [target_base_backfill] seek path warmed in 13 ms
[1786974090] [link_life_restore] earned layer restored: 0 of 1 records written (0 already current, 1 no longer in the index, 0 ambiguous-skipped), 0 weights healed, 0 priorities restored (0 already current, 0 unresolved), 0 bad lines
[1786974090] [federation-prewarm] E:\Constellation Universes\كون عيسى\.constellation\search.db FTS5 optimize OK in 15ms (segid -1 → -1)
[1786974099] [reconcile] drift check: 0 changed on disk, 0 not in the index, 0 rows without a file, 9 from a linked universe (2110 files / 2731 rows seen, walk complete)
[1786974099] [props_reparse] FAILED (non-fatal): completeness check failed: 2 row(s) still carry the phantom signature — not stamping, the next boot re-runs
[1786974115] [federation-prewarm] E:\Constellation Universes\Eisa Cognitive Knowledge\.constellation\search.db FTS5 optimize OK in 25256ms (segid -1 → -1)
[1786977687] [reconcile] drift check: 0 changed on disk, 0 not in the index, 0 rows without a file, 0 from a linked universe (7973 files / 8030 rows seen, walk complete)
[1786977688] [search] init_db: PRAGMA user_version=1 (target 1) — rebuild skipped (already current)
[1786977688] [search] init_db: schema_versions.sky=10 (target 10) — sky current
[1786977688] [search] init_db: schema_versions.note_meta=1 (target 1) — MIG-003 Step 1 already done
[1786977688] [search] init_db: schema_versions.dependent_tables_mig003=1 (target 1) — Step 2 already done
[1786977692] [index_note] cid DUPLICATE (both files live): 20260606T113126Z_NOTE_5C9F also claimed by E:\Constellation Universes\Eisa Universe\كون عيسى\Five Acts\Observation — Recent Captures.md — indexed E:\Constellation Universes\Eisa Universe\كون عيسى 2\Five Acts\Observation — Recent Captures.md with '' sentinel, NOT stolen
[1786977692] [index_note] cid DUPLICATE (both files live): 20260606T113126Z_NOTE_5C9F also claimed by E:\Constellation Universes\Eisa Universe\كون عيسى\Five Acts\Observation — Recent Captures.md — indexed E:\Constellation Universes\Eisa Universe\كون عيسى 2\Five Acts\Observation — Recent Captures.md with '' sentinel, NOT stolen
[1786977692] [index_note] cid DUPLICATE (both files live): 20260329T000000Z_NOTE_4CC5 also claimed by E:\Constellation Universes\Eisa Universe\كون عيسى\Image Preview Test.md — indexed E:\Constellation Universes\Eisa Universe\كون عيسى 2\Image Preview Test.md with '' sentinel, NOT stolen
[1786977692] [index_note] cid DUPLICATE (both files live): 20260329T000000Z_NOTE_4CC5 also claimed by E:\Constellation Universes\Eisa Universe\كون عيسى\Image Preview Test.md — indexed E:\Constellation Universes\Eisa Universe\كون عيسى 2\Image Preview Test.md with '' sentinel, NOT stolen
[1786977692] [index_note] cid DUPLICATE (both files live): 20260325T000000Z_NOTE_1469 also claimed by E:\Constellation Universes\Eisa Universe\كون عيسى\تجربة 1.md — indexed E:\Constellation Universes\Eisa Universe\كون عيسى 2\تجربة 1.md with '' sentinel, NOT stolen
[1786977692] [index_note] cid DUPLICATE (both files live): 20260325T000000Z_NOTE_1469 also claimed by E:\Constellation Universes\Eisa Universe\كون عيسى\تجربة 1.md — indexed E:\Constellation Universes\Eisa Universe\كون عيسى 2\تجربة 1.md with '' sentinel, NOT stolen
[1786977692] [index_note] cid DUPLICATE (both files live): 20260324T000000Z_NOTE_DD20 also claimed by E:\Constellation Universes\Eisa Universe\كون عيسى\مثال1.md — indexed E:\Constellation Universes\Eisa Universe\كون عيسى 2\مثال1.md with '' sentinel, NOT stolen
[1786977692] [index_note] cid DUPLICATE (both files live): 20260324T000000Z_NOTE_DD20 also claimed by E:\Constellation Universes\Eisa Universe\كون عيسى\مثال1.md — indexed E:\Constellation Universes\Eisa Universe\كون عيسى 2\مثال1.md with '' sentinel, NOT stolen
[1786977692] [index_note] cid DUPLICATE (both files live): 20260606T113126Z_NOTE_5C9F also claimed by E:\Constellation Universes\Eisa Universe\كون عيسى\Five Acts\Observation — Recent Captures.md — indexed E:\Constellation Universes\Eisa Universe\كون عيسى 3\Five Acts\Observation — Recent Captures.md with '' sentinel, NOT stolen
[1786977692] [index_note] cid DUPLICATE (both files live): 20260606T113126Z_NOTE_5C9F also claimed by E:\Constellation Universes\Eisa Universe\كون عيسى\Five Acts\Observation — Recent Captures.md — indexed E:\Constellation Universes\Eisa Universe\كون عيسى 3\Five Acts\Observation — Recent Captures.md with '' sentinel, NOT stolen
[1786977692] [index_note] cid DUPLICATE (both files live): 20260329T000000Z_NOTE_4CC5 also claimed by E:\Constellation Universes\Eisa Universe\كون عيسى\Image Preview Test.md — indexed E:\Constellation Universes\Eisa Universe\كون عيسى 3\Image Preview Test.md with '' sentinel, NOT stolen
[1786977692] [index_note] cid DUPLICATE (both files live): 20260329T000000Z_NOTE_4CC5 also claimed by E:\Constellation Universes\Eisa Universe\كون عيسى\Image Preview Test.md — indexed E:\Constellation Universes\Eisa Universe\كون عيسى 3\Image Preview Test.md with '' sentinel, NOT stolen
[1786977692] [index_note] cid DUPLICATE (both files live): 20260325T000000Z_NOTE_1469 also claimed by E:\Constellation Universes\Eisa Universe\كون عيسى\تجربة 1.md — indexed E:\Constellation Universes\Eisa Universe\كون عيسى 3\تجربة 1.md with '' sentinel, NOT stolen
[1786977692] [index_note] cid DUPLICATE (both files live): 20260325T000000Z_NOTE_1469 also claimed by E:\Constellation Universes\Eisa Universe\كون عيسى\تجربة 1.md — indexed E:\Constellation Universes\Eisa Universe\كون عيسى 3\تجربة 1.md with '' sentinel, NOT stolen
[1786977692] [index_note] cid DUPLICATE (both files live): 20260324T000000Z_NOTE_DD20 also claimed by E:\Constellation Universes\Eisa Universe\كون عيسى\مثال1.md — indexed E:\Constellation Universes\Eisa Universe\كون عيسى 3\مثال1.md with '' sentinel, NOT stolen
[1786977692] [index_note] cid DUPLICATE (both files live): 20260324T000000Z_NOTE_DD20 also claimed by E:\Constellation Universes\Eisa Universe\كون عيسى\مثال1.md — indexed E:\Constellation Universes\Eisa Universe\كون عيسى 3\مثال1.md with '' sentinel, NOT stolen
[1786977692] [index_note] cid DUPLICATE (both files live): 20260424T063440Z_NOTE_531D also claimed by E:\Constellation Universes\Eisa Universe\Constellation PKM\Constellation Working Docs\BUG-015-source-NOTE_EE1E-snapshot.md — indexed E:\Constellation Universes\Eisa Universe\Constellation PKM\Constellation Working Docs\BUG-015-target-NOTE_531D-corrupted-snapshot.md with '' sentinel, NOT stolen
[1786977693] [index_note] cid DUPLICATE (both files live): 20260424T063440Z_NOTE_531D also claimed by E:\Constellation Universes\Eisa Universe\Constellation PKM\Constellation Working Docs\BUG-015-source-NOTE_EE1E-snapshot.md — indexed E:\Constellation Universes\Eisa Universe\Constellation PKM\Constellation Working Docs\BUG-015-target-NOTE_531D-corrupted-snapshot.md with '' sentinel, NOT stolen
[1786977701] [index_note] cid DUPLICATE (both files live): 20260807T124701Z_NOTE_5C6D also claimed by E:\Constellation Universes\Eisa Universe\Constellation PKM\Constellation Working Docs\MIG-090-Plan-Notes-Navigator.md — indexed E:\Constellation Universes\Eisa Universe\Constellation PKM\Constellation Working Docs\README.md with '' sentinel, NOT stolen
[1786977701] [index_note] cid DUPLICATE (both files live): 20260807T124701Z_NOTE_5C6D also claimed by E:\Constellation Universes\Eisa Universe\Constellation PKM\Constellation Working Docs\MIG-090-Plan-Notes-Navigator.md — indexed E:\Constellation Universes\Eisa Universe\Constellation PKM\Constellation Working Docs\README.md with '' sentinel, NOT stolen
[1786977702] [search] mig003_step3_soft_rebackfill: stale=234 templates=0 reindexed=0 injected=0 dependent_rows=2689 still_empty=234 skipped_failed=0 errors=0 — elapsed=10.1639918s
[1786977702] [search] init_db: schema_versions.mig003_step4=1 (target 1) — Step 4 already done
[1786977702] [search] init_db: PRAGMA optimize completed (sqlite_stat1 refreshed)
[1786977702] [target_base_backfill] seek path warmed in 21 ms
[1786977703] [link_life_restore] earned layer restored: 0 of 1 records written (0 already current, 1 no longer in the index, 0 ambiguous-skipped), 0 weights healed, 0 priorities restored (0 already current, 0 unresolved), 0 bad lines
[1786977703] [federation-prewarm] E:\Constellation Universes\كون عيسى\.constellation\search.db FTS5 optimize OK in 113ms (segid -1 → -1)
[1786977703] [federation-prewarm] E:\Constellation Universes\Eisa Cognitive Knowledge\.constellation\search.db FTS5 optimize OK in 0ms (segid -1 → -1)
[1786977711] [reconcile] drift check: 0 changed on disk, 0 not in the index, 0 rows without a file, 9 from a linked universe (2110 files / 2731 rows seen, walk complete)
[1786977712] [props_reparse] FAILED (non-fatal): completeness check failed: 2 row(s) still carry the phantom signature — not stamping, the next boot re-runs
[1786978269] [search] init_db: PRAGMA user_version=1 (target 1) — rebuild skipped (already current)
[1786978269] [search] init_db: schema_versions.sky=10 (target 10) — sky current
[1786978269] [search] init_db: schema_versions.note_meta=1 (target 1) — MIG-003 Step 1 already done
[1786978269] [search] init_db: schema_versions.dependent_tables_mig003=1 (target 1) — Step 2 already done
[1786978271] [index_note] cid DUPLICATE (both files live): 20260606T113126Z_NOTE_5C9F also claimed by E:\Constellation Universes\Eisa Universe\كون عيسى\Five Acts\Observation — Recent Captures.md — indexed E:\Constellation Universes\Eisa Universe\كون عيسى 2\Five Acts\Observation — Recent Captures.md with '' sentinel, NOT stolen
[1786978271] [index_note] cid DUPLICATE (both files live): 20260329T000000Z_NOTE_4CC5 also claimed by E:\Constellation Universes\Eisa Universe\كون عيسى\Image Preview Test.md — indexed E:\Constellation Universes\Eisa Universe\كون عيسى 2\Image Preview Test.md with '' sentinel, NOT stolen
[1786978271] [index_note] cid DUPLICATE (both files live): 20260325T000000Z_NOTE_1469 also claimed by E:\Constellation Universes\Eisa Universe\كون عيسى\تجربة 1.md — indexed E:\Constellation Universes\Eisa Universe\كون عيسى 2\تجربة 1.md with '' sentinel, NOT stolen
[1786978271] [index_note] cid DUPLICATE (both files live): 20260324T000000Z_NOTE_DD20 also claimed by E:\Constellation Universes\Eisa Universe\كون عيسى\مثال1.md — indexed E:\Constellation Universes\Eisa Universe\كون عيسى 2\مثال1.md with '' sentinel, NOT stolen
[1786978271] [index_note] cid DUPLICATE (both files live): 20260606T113126Z_NOTE_5C9F also claimed by E:\Constellation Universes\Eisa Universe\كون عيسى\Five Acts\Observation — Recent Captures.md — indexed E:\Constellation Universes\Eisa Universe\كون عيسى 3\Five Acts\Observation — Recent Captures.md with '' sentinel, NOT stolen
[1786978271] [index_note] cid DUPLICATE (both files live): 20260329T000000Z_NOTE_4CC5 also claimed by E:\Constellation Universes\Eisa Universe\كون عيسى\Image Preview Test.md — indexed E:\Constellation Universes\Eisa Universe\كون عيسى 3\Image Preview Test.md with '' sentinel, NOT stolen
[1786978271] [index_note] cid DUPLICATE (both files live): 20260325T000000Z_NOTE_1469 also claimed by E:\Constellation Universes\Eisa Universe\كون عيسى\تجربة 1.md — indexed E:\Constellation Universes\Eisa Universe\كون عيسى 3\تجربة 1.md with '' sentinel, NOT stolen
[1786978271] [index_note] cid DUPLICATE (both files live): 20260324T000000Z_NOTE_DD20 also claimed by E:\Constellation Universes\Eisa Universe\كون عيسى\مثال1.md — indexed E:\Constellation Universes\Eisa Universe\كون عيسى 3\مثال1.md with '' sentinel, NOT stolen
[1786978271] [index_note] cid DUPLICATE (both files live): 20260424T063440Z_NOTE_531D also claimed by E:\Constellation Universes\Eisa Universe\Constellation PKM\Constellation Working Docs\BUG-015-source-NOTE_EE1E-snapshot.md — indexed E:\Constellation Universes\Eisa Universe\Constellation PKM\Constellation Working Docs\BUG-015-target-NOTE_531D-corrupted-snapshot.md with '' sentinel, NOT stolen
[1786978277] [index_note] cid DUPLICATE (both files live): 20260807T124701Z_NOTE_5C6D also claimed by E:\Constellation Universes\Eisa Universe\Constellation PKM\Constellation Working Docs\MIG-090-Plan-Notes-Navigator.md — indexed E:\Constellation Universes\Eisa Universe\Constellation PKM\Constellation Working Docs\README.md with '' sentinel, NOT stolen
[1786978278] [search] mig003_step3_soft_rebackfill: stale=234 templates=0 reindexed=0 injected=0 dependent_rows=2689 still_empty=0 skipped_failed=234 errors=0 — elapsed=7.3259916s
[1786978278] [search] init_db: schema_versions.mig003_step4=1 (target 1) — Step 4 already done
[1786978278] [search] init_db: PRAGMA optimize completed (sqlite_stat1 refreshed)
[1786978278] [target_base_backfill] seek path warmed in 4 ms
[1786978278] [link_life_restore] earned layer restored: 0 of 1 records written (0 already current, 1 no longer in the index, 0 ambiguous-skipped), 0 weights healed, 0 priorities restored (0 already current, 0 unresolved), 0 bad lines
[1786978281] [federation-prewarm] E:\Constellation Universes\كون عيسى\.constellation\search.db FTS5 optimize OK in 0ms (segid -1 → -1)
[1786978282] [federation-prewarm] E:\Constellation Universes\Eisa Cognitive Knowledge\.constellation\search.db FTS5 optimize OK in 0ms (segid -1 → -1)
[1786978282] [props_reparse] FAILED (non-fatal): completeness check failed: 2 row(s) still carry the phantom signature — not stamping, the next boot re-runs
[1786978283] [reconcile] drift check: 0 changed on disk, 0 not in the index, 0 rows without a file, 9 from a linked universe (2110 files / 2731 rows seen, walk complete)
[1786991950] [search] init_db: PRAGMA user_version=1 (target 1) — rebuild skipped (already current)
[1786991950] [search] init_db: schema_versions.sky=10 (target 10) — sky current
[1786991950] [search] init_db: schema_versions.note_meta=1 (target 1) — MIG-003 Step 1 already done
[1786991950] [search] init_db: schema_versions.dependent_tables_mig003=1 (target 1) — Step 2 already done
[1786991952] [index_note] cid DUPLICATE (both files live): 20260606T113126Z_NOTE_5C9F also claimed by E:\Constellation Universes\Eisa Universe\كون عيسى\Five Acts\Observation — Recent Captures.md — indexed E:\Constellation Universes\Eisa Universe\كون عيسى 2\Five Acts\Observation — Recent Captures.md with '' sentinel, NOT stolen
[1786991952] [index_note] cid DUPLICATE (both files live): 20260606T113126Z_NOTE_5C9F also claimed by E:\Constellation Universes\Eisa Universe\كون عيسى\Five Acts\Observation — Recent Captures.md — indexed E:\Constellation Universes\Eisa Universe\كون عيسى 2\Five Acts\Observation — Recent Captures.md with '' sentinel, NOT stolen
[1786991952] [index_note] cid DUPLICATE (both files live): 20260329T000000Z_NOTE_4CC5 also claimed by E:\Constellation Universes\Eisa Universe\كون عيسى\Image Preview Test.md — indexed E:\Constellation Universes\Eisa Universe\كون عيسى 2\Image Preview Test.md with '' sentinel, NOT stolen
[1786991952] [index_note] cid DUPLICATE (both files live): 20260329T000000Z_NOTE_4CC5 also claimed by E:\Constellation Universes\Eisa Universe\كون عيسى\Image Preview Test.md — indexed E:\Constellation Universes\Eisa Universe\كون عيسى 2\Image Preview Test.md with '' sentinel, NOT stolen
[1786991952] [index_note] cid DUPLICATE (both files live): 20260325T000000Z_NOTE_1469 also claimed by E:\Constellation Universes\Eisa Universe\كون عيسى\تجربة 1.md — indexed E:\Constellation Universes\Eisa Universe\كون عيسى 2\تجربة 1.md with '' sentinel, NOT stolen
[1786991952] [index_note] cid DUPLICATE (both files live): 20260325T000000Z_NOTE_1469 also claimed by E:\Constellation Universes\Eisa Universe\كون عيسى\تجربة 1.md — indexed E:\Constellation Universes\Eisa Universe\كون عيسى 2\تجربة 1.md with '' sentinel, NOT stolen
[1786991952] [index_note] cid DUPLICATE (both files live): 20260324T000000Z_NOTE_DD20 also claimed by E:\Constellation Universes\Eisa Universe\كون عيسى\مثال1.md — indexed E:\Constellation Universes\Eisa Universe\كون عيسى 2\مثال1.md with '' sentinel, NOT stolen
[1786991952] [index_note] cid DUPLICATE (both files live): 20260324T000000Z_NOTE_DD20 also claimed by E:\Constellation Universes\Eisa Universe\كون عيسى\مثال1.md — indexed E:\Constellation Universes\Eisa Universe\كون عيسى 2\مثال1.md with '' sentinel, NOT stolen
[1786991952] [index_note] cid DUPLICATE (both files live): 20260606T113126Z_NOTE_5C9F also claimed by E:\Constellation Universes\Eisa Universe\كون عيسى\Five Acts\Observation — Recent Captures.md — indexed E:\Constellation Universes\Eisa Universe\كون عيسى 3\Five Acts\Observation — Recent Captures.md with '' sentinel, NOT stolen
[1786991952] [index_note] cid DUPLICATE (both files live): 20260606T113126Z_NOTE_5C9F also claimed by E:\Constellation Universes\Eisa Universe\كون عيسى\Five Acts\Observation — Recent Captures.md — indexed E:\Constellation Universes\Eisa Universe\كون عيسى 3\Five Acts\Observation — Recent Captures.md with '' sentinel, NOT stolen
[1786991952] [index_note] cid DUPLICATE (both files live): 20260329T000000Z_NOTE_4CC5 also claimed by E:\Constellation Universes\Eisa Universe\كون عيسى\Image Preview Test.md — indexed E:\Constellation Universes\Eisa Universe\كون عيسى 3\Image Preview Test.md with '' sentinel, NOT stolen
[1786991952] [index_note] cid DUPLICATE (both files live): 20260329T000000Z_NOTE_4CC5 also claimed by E:\Constellation Universes\Eisa Universe\كون عيسى\Image Preview Test.md — indexed E:\Constellation Universes\Eisa Universe\كون عيسى 3\Image Preview Test.md with '' sentinel, NOT stolen
[1786991952] [index_note] cid DUPLICATE (both files live): 20260325T000000Z_NOTE_1469 also claimed by E:\Constellation Universes\Eisa Universe\كون عيسى\تجربة 1.md — indexed E:\Constellation Universes\Eisa Universe\كون عيسى 3\تجربة 1.md with '' sentinel, NOT stolen
[1786991952] [index_note] cid DUPLICATE (both files live): 20260325T000000Z_NOTE_1469 also claimed by E:\Constellation Universes\Eisa Universe\كون عيسى\تجربة 1.md — indexed E:\Constellation Universes\Eisa Universe\كون عيسى 3\تجربة 1.md with '' sentinel, NOT stolen
[1786991952] [index_note] cid DUPLICATE (both files live): 20260324T000000Z_NOTE_DD20 also claimed by E:\Constellation Universes\Eisa Universe\كون عيسى\مثال1.md — indexed E:\Constellation Universes\Eisa Universe\كون عيسى 3\مثال1.md with '' sentinel, NOT stolen
[1786991952] [index_note] cid DUPLICATE (both files live): 20260324T000000Z_NOTE_DD20 also claimed by E:\Constellation Universes\Eisa Universe\كون عيسى\مثال1.md — indexed E:\Constellation Universes\Eisa Universe\كون عيسى 3\مثال1.md with '' sentinel, NOT stolen
[1786991952] [index_note] cid DUPLICATE (both files live): 20260424T063440Z_NOTE_531D also claimed by E:\Constellation Universes\Eisa Universe\Constellation PKM\Constellation Working Docs\BUG-015-source-NOTE_EE1E-snapshot.md — indexed E:\Constellation Universes\Eisa Universe\Constellation PKM\Constellation Working Docs\BUG-015-target-NOTE_531D-corrupted-snapshot.md with '' sentinel, NOT stolen
[1786991952] [index_note] cid DUPLICATE (both files live): 20260424T063440Z_NOTE_531D also claimed by E:\Constellation Universes\Eisa Universe\Constellation PKM\Constellation Working Docs\BUG-015-source-NOTE_EE1E-snapshot.md — indexed E:\Constellation Universes\Eisa Universe\Constellation PKM\Constellation Working Docs\BUG-015-target-NOTE_531D-corrupted-snapshot.md with '' sentinel, NOT stolen
[1786991961] [index_note] cid DUPLICATE (both files live): 20260807T124701Z_NOTE_5C6D also claimed by E:\Constellation Universes\Eisa Universe\Constellation PKM\Constellation Working Docs\MIG-090-Plan-Notes-Navigator.md — indexed E:\Constellation Universes\Eisa Universe\Constellation PKM\Constellation Working Docs\README.md with '' sentinel, NOT stolen
[1786991962] [index_note] cid DUPLICATE (both files live): 20260807T124701Z_NOTE_5C6D also claimed by E:\Constellation Universes\Eisa Universe\Constellation PKM\Constellation Working Docs\MIG-090-Plan-Notes-Navigator.md — indexed E:\Constellation Universes\Eisa Universe\Constellation PKM\Constellation Working Docs\README.md with '' sentinel, NOT stolen
[1786991963] [search] mig003_step3_soft_rebackfill: stale=234 templates=0 reindexed=0 injected=0 dependent_rows=2689 still_empty=234 skipped_failed=0 errors=0 — elapsed=11.7723643s
[1786991963] [search] init_db: schema_versions.mig003_step4=1 (target 1) — Step 4 already done
[1786991963] [search] init_db: PRAGMA optimize completed (sqlite_stat1 refreshed)
[1786991964] [target_base_backfill] seek path warmed in 135 ms
[1786991964] [link_life_restore] earned layer restored: 0 of 1 records written (0 already current, 1 no longer in the index, 0 ambiguous-skipped), 0 weights healed, 0 priorities restored (0 already current, 0 unresolved), 0 bad lines
[1786991965] [federation-prewarm] E:\Constellation Universes\كون عيسى\.constellation\search.db FTS5 optimize OK in 8ms (segid -1 → -1)
[1786991965] [federation-prewarm] E:\Constellation Universes\Eisa Cognitive Knowledge\.constellation\search.db FTS5 optimize OK in 9ms (segid -1 → -1)
[1786991973] [reconcile] drift check: 0 changed on disk, 0 not in the index, 0 rows without a file, 9 from a linked universe (2110 files / 2731 rows seen, walk complete)
[1786991973] [props_reparse] FAILED (non-fatal): completeness check failed: 2 row(s) still carry the phantom signature — not stamping, the next boot re-runs
